,director_id,director_name
0,2710,James Cameron
1,1704,Gore Verbinski
2,39,Sam Mendes
3,525,Christopher Nolan
4,7,Andrew Stanton
5,7623,Sam Raimi
6,76595,Byron Howard
7,121830,Nathan Greno
8,12891,Joss Whedon
9,11343,David Yates
10,15217,Zack Snyder
11,9032,Bryan Singer
12,12995,Marc Forster
13,5524,Andrew Adamson
14,17633,Rob Marshall
15,5174,Barry Sonnenfeld
16,108,Peter Jackson
17,87742,Marc Webb
18,578,Ridley Scott
19,3288,Chris Weitz
20,19271,Anthony Russo
21,19272,Joe Russo
22,36602,Peter Berg
23,930707,Colin Trevorrow
24,1108,Shane Black
25,510,Tim Burton
26,11091,Brett Ratner
27,225976,Dan Scanlon
28,865,Michael Bay
29,86270,Joseph Kosinski
30,7879,John Lasseter
31,32532,Brad Lewis
32,10702,Martin Campbell
33,8,Lee Unkrich
34,36425,McG
35,2127,James Wan
36,15344,J.J. Abrams
37,6201,Baz Luhrmann
38,10723,Mike Newell
39,10828,Guillermo del Toro
40,488,Steven Spielberg
41,21198,Peter Sohn
42,59803,Brenda Chapman
43,126638,Mark Andrews
44,137262,Steve Purcell
45,58189,Justin Lin
46,6046,Roland Emmerich
47,24,Robert Zemeckis
48,9339,Lilly Wachowski
49,9340,Lana Wachowski
50,12890,Pete Docter
51,12080,Conrad Vernon
52,65630,Rob Letterman
53,15277,Jon Favreau
54,1032,Martin Scorsese
55,18878,Rob Cohen
56,19769,David Ayer
57,4499,Tom Shadyac
58,11694,Doug Liman
59,8300,Kevin Reynolds
60,7775,Stephen Sommers
61,228134,Rupert Sanders
62,1032536,Robert Stromberg
63,32278,Matt Reeves
64,8965,Roland Joffé
65,239571,Carl Rinsch
66,64151,Mike Mitchell
67,7087,Brad Bird
68,70238,Chris Williams
69,227439,Don Hall
70,165787,Rich Moore
71,66193,Chris Sanders
72,69797,Dean DeBlois
73,7213,Jonathan Mostow
74,15218,James Gunn
75,77921,Hideaki Anno
76,80752,Shinji Higuchi
77,7467,David Fincher
78,957,Matthew Vaughn
79,10943,Francis Lawrence
80,12962,Jon Turteltaub
81,5231,Wolfgang Petersen
82,26205,James Bobin
83,12098,Chris Miller
84,12099,Raman Hui
85,81850,Duncan Jones
86,47005,Alan Taylor
87,10781,Michael Apted
88,1152,Oliver Stone
89,7930,Jan Pinkava
90,18863,Eric Darnell
91,18864,Tom McGrath
92,17825,Shawn Levy
93,13079,Gavin Hood
94,15774,Chris Buck
95,1120694,Jennifer Lee
96,20629,George Miller
97,6159,Ron Howard
98,11181,Kenneth Branagh
99,84851,Hoyt Yeatman
100,66739,Jonathan Liebesman
101,9033,Christopher McQuarrie
102,4945,Joe Johnston
103,44113,Steve Hickner
104,44114,Simon J. Smith
105,142312,Jennifer Yuh Nelson
106,11614,M. Night Shyamalan
107,21879,Simon Wells
108,33183,David Bowers
109,58897,Sam Fell
110,36588,Joe Wright
111,18898,Rob Minkoff
112,7256,Lee Tamahori
113,116805,Paul Feig
114,1262481,Alessandro Carloni
115,151007,Peter Ramsey
116,15002,Dean Parisot
117,9181,Edward Zwick
118,21085,Alex Proyas
119,7187,Richard Donner
120,1614,Ang Lee
121,54507,Jon M. Chu
122,52609,Breck Eisner
123,21692,Hironobu Sakaguchi
124,21693,Motonori Sakakibara
125,2690,Peter Weir
126,15557,Bill Condon
127,18865,Louis Leterrier
128,223,Alejandro González Iñárritu
129,94075,David Soren
130,25598,Paul Greengrass
131,57741,Mark Osborne
132,57742,John Stevenson
133,59026,Peyton Reed
134,52870,Tim Johnson
135,13015,Phillip Noyce
136,6431,Darren Aronofsky
137,11218,Alfonso Cuarón
138,65855,Ralph Zondag
139,65856,Eric Leighton
140,10965,Chris Columbus
141,57270,Robert Schwentke
142,5714,Carlos Saldanha
143,956,Guy Ritchie
144,10491,Paul Verhoeven
145,1090,John McTiernan
146,19242,Tony Gilroy
147,5572,Joel Schumacher
148,11401,John Woo
149,20400,Tim Story
150,16837,Mark Steven Johnson
151,82194,Neill Blomkamp
152,28239,David Twohy
153,52576,José Padilha
154,3388,James L. Brooks
155,366,James Mangold
156,1,George Lucas
157,71267,Kirk De Micco
158,20674,Thomas Langmann
159,24886,Frédéric Forestier
160,1454884,Cedric Nicolas-Troyan
161,21370,Roger Donaldson
162,1101410,Dave Green
163,934803,Josh Trank
164,132876,Brad Peyton
165,1724,Roger Spottiswoode
166,1884,Steven Soderbergh
167,201,Michel Gondry
168,78914,Noam Murro
169,1215,Raja Gosnell
170,70287,Will Finn
171,80671,John Sanford
172,2209,Jan de Bont
173,3950,Len Wiseman
174,57370,Frank Coraci
175,638,Michael Mann
176,5133,Bo Welch
177,15810,Ron Clements
178,15811,John Musker
179,36804,Peter Chelsom
180,58498,Dominic Sena
181,893,Tony Scott
182,3289,Paul Weitz
183,55710,Adam McKay
184,26713,Chuck Russell
185,138,Quentin Tarantino
186,62047,Gary Trousdale
187,62048,Kirk Wise
188,61411,Mark Dindal
189,12786,Simon West
190,25453,Stefen Fangmeier
191,5953,Spike Jonze
192,5713,Chris Wedge
193,8193,Florian Henckel von Donnersmarck
194,37710,Peter Hyams
195,1071,Tom Tykwer
196,4586,Pitof
197,11887,Brad Silberling
198,143059,Patrick Hughes
199,21673,Ericson Core
200,64191,Lawrence Guterman
201,33485,Ron Underwood
202,71729,Steve Martino
203,1255,David Mamet
204,607,Zhang Yimou
205,12905,Ash Brannon
206,7908,Frank Oz
207,6737,Jay Roach
208,59,Luc Besson
209,38023,Michael Patrick King
210,27005,Don Michael Paul
211,65629,Bibo Bergeron
212,229962,Mike Thurmeier
213,130938,Sergei Bodrov
214,559,Wally Pfister
215,77357,Rupert Wyatt
216,54050,Mark Waters
217,12028,John Moore
218,54040,John Lee Hancock
219,16938,Renny Harlin
220,107446,Phil Lord
221,155267,Christopher Miller
222,7399,Ben Stiller
223,66190,Tony Bancroft
224,66191,Barry Cook
225,23430,Timur Bekmambetov
226,68573,Walt Becker
227,17494,Dennis Dugan
228,2226,Sydney Pollack
229,109857,Thor Freudenthal
230,1150,Brian De Palma
231,8843,Mick Jackson
232,6349,Alan J. Pakula
233,14392,Kathryn Bigelow
234,8328,John Milius
235,58728,Andrei Konchalovsky
236,23964,Gary Ross
237,4014,Paul W.S. Anderson
238,185438,Genndy Tartakovsky
239,15775,Kevin Lima
240,125738,Daniel Espinosa
241,17698,Nancy Meyers
242,7881,Jill Culton
243,15812,Roger Allers
244,52691,Anthony Stacchi
245,17329,Neil Burger
246,2352,Jean-Jacques Annaud
247,208113,Sarah Smith
248,769,Martin Brest
249,12989,Andrew Davis
250,66777,Bob Fosse
251,56512,Tarsem Singh
252,11090,Edgar Wright
253,15148,Jon Amiel
254,13426,Peter Segal
255,43141,Pete Travis
256,14999,George A. Romero
257,16483,Sylvester Stallone
258,57130,Todd Phillips
259,52845,Karey Kirkpatrick
260,17046,Gary Winick
261,51984,Mimi Leder
262,71600,Seth Gordon
263,20739,Adam Shankman
264,40256,D.J. Caruso
265,2239,Anthony Minghella
266,11447,Albert Hughes
267,11448,Allen Hughes
268,56911,Les Mayfield
269,23677,Joe Pytka
270,55499,Scott Derrickson
271,8858,Ivan Reitman
272,9622,Eric Brevig
273,12079,Kelly Asbury
274,56660,Lorna Cook
275,2042,Stephen Hopkins
276,16294,Jonathan Demme
277,117075,Henry Jaglom
278,5690,James Algar
279,12824,Don Hahn
280,56146,Gaëtan Brizzi
281,56147,Paul Brizzi
282,65531,Eric Goldberg
283,74297,Hendel Butoy
284,74298,Francis Glebas
285,74299,Pixote Hunt
286,9198,Vincent Ward
287,32593,Steven Brill
288,280,Terry Gilliam
289,17627,Lucile Hadzihalilovic
290,561061,Neil Nightingale
291,5058,Roger Christian
292,4600,Joe Dante
293,1269,Kevin Costner
294,56154,Antony Hoffman
295,20030,Jacques Perrin
296,138857,Jacques Cluzaud
297,1172908,Andrés Couturier
298,12095,Cody Cameron
299,1046494,Kris Pearn
300,6482,John Singleton
301,7832,Oliver Hirschbiegel
302,11266,James McTeigue
303,588701,Des McAnuff
304,124748,Chris Renaud
305,10808,Stephen Norrington
306,124747,Pierre Coffin
307,4759,David Kellogg
308,5342,Mike Nichols
309,12058,Vicky Jenson
310,37932,F. Gary Gray
311,20907,Antoine Fuqua
312,36797,Robert Luketic
313,57193,Gil Kenan
314,8246,Barry Levinson
315,3415,Jerry Zucker
316,17167,Andy Tennant
317,1011158,Florent-Emilio Siri
318,12881,Gary Goldman
319,40345,Don Bluth
320,4037,Ron Shelton
321,94220,Àlex Pastor
322,94222,David Pastor
323,57646,Henry Selick
324,8023,Kyle Balda
325,52701,Fergal Reilly
326,1281387,Clay Kaytis
327,41039,Judd Apatow
328,52112,Steve Carr
329,2461,Mel Gibson
330,197,David Silverman
331,4027,Frank Darabont
332,31024,Betty Thomas
333,7911,Joe Ranft
334,1201,Garry Marshall
335,217174,Paul Tibbitt
336,47640,Clark Johnson
337,11649,Cameron Crowe
338,2460,Randall Wallace
339,2388,Jonathan Frakes
340,1461,George Clooney
341,1167470,Gary Shore
342,10765,Andrzej Bartkowiak
343,80923,Måns Mårlind
344,80924,Björn Stein
345,17812,Gregory Hoblit
346,141688,Gary McKendry
347,65615,Wych Kaosayananda
348,30149,Mikael Salomon
349,7395,Bobby Farrelly
350,7396,Peter Farrelly
351,15780,Dan St. Pierre
352,41378,Kerry Conran
353,30365,Michael Caton-Jones
354,29605,Mikael Håfström
355,23968,Phil Alden Robinson
356,27571,David Slade
357,52629,Joseph Ruben
358,52139,Seth MacFarlane
359,19840,Alejandro Amenábar
360,59646,Kinka Usher
361,50767,Craig Gillespie
362,12523,Rob Bowman
363,58656,Doug Lefler
364,293911,Scott Waugh
365,8844,Lawrence Kasdan
366,15045,Michael Lembeck
367,70500,Tom Hooper
368,9248,Nora Ephron
369,11701,Angelina Jolie
370,190,Clint Eastwood
371,6767,Larry Charles
372,240,Stanley Kubrick
373,82511,Will Gluck
374,56411,Glenn Ficarra
375,56412,John Requa
376,3893,David S. Goyer
377,18596,Taylor Hackford
378,7145,Michael Lehmann
379,1707,Stuart Beattie
380,3556,Roman Polanski
381,2294,Robert Rodriguez
382,2293,Frank Miller
383,67813,Baltasar Kormákur
384,57832,Daniel Lee
385,35689,Keenen Ivory Wayans
386,3026,Rob Reiner
387,71527,Marco Schnabel
388,71418,Demian Lichtenstein
389,60922,Josh Gordon
390,60923,Will Speck
391,49903,Tim Hill
392,5065,David Frankel
393,18323,Marc Lawrence
394,12708,Peter Billingsley
395,1179066,Wes Ball
396,52779,Ryan Murphy
397,4135,Robert Redford
398,46297,Jay Russell
399,65310,Kenny Ortega
400,48980,David McNally
401,53177,Brian Robbins
402,13581,Brian Levant
403,2260,Steven Zaillian
404,154705,Chris Butler
405,18250,Jon Avnet
406,64152,Robert Stevenhagen
407,66654,Kevin Donovan
408,32277,Geoff Murphy
409,17883,David O. Russell
410,132239,Babak Najafi
411,2419,Jean-Pierre Jeunet
412,1152981,Graham Annable
413,2171,Griffin Dunne
414,58072,John Pasquin
415,91268,Ruben Fleischer
416,1524,Harold Ramis
417,17350,Kevin Macdonald
418,18281,Donald Petrie
419,117052,Jorge Blanco
420,968303,Javier Abad
421,1158156,Marcos Martínez
422,2523,Stuart Baird
423,1223,Joel Coen
424,4746,Robert Lorenz
425,23213,Harold Becker
426,116357,Scott Stewart
427,1205756,Patrick Gilmore
428,57138,Tony Bill
429,21526,Rod Lurie
430,1723,Walter Hill
431,62020,Jack Sholder
432,5575,Akiva Goldsman
433,21981,Harald Zwart
434,8574,Walter Salles
435,1978,Iain Softley
436,508,David Koepp
437,23799,Uwe Boll
438,93991,Soi Cheang
439,21053,John Dahl
440,55252,Tim Miller
441,18356,Stephen Herek
442,16589,Peter MacDonald
443,1216147,Anthony Hemingway
444,74619,Sean Anders
445,20192,Brian Taylor
446,20193,Mark Neveldine
447,18844,John Madden
448,34453,Kevin Bray
449,65530,Mike Gabriel
450,54967,Sam Weisman
451,54584,Jesse Dylan
452,39819,Wayne Wang
453,20646,Gabriele Muccino
454,58729,Albert Magnoli
455,46076,Tom Dey
456,8029,Jimmy Hayward
457,9168,Alan Parker
458,13776,John Frankenheimer
459,101666,Paul King
460,62854,Akiva Schaffer
461,15175,William Friedkin
462,65702,Kent Alterman
463,53304,Peter Lord
464,565297,Jeff Newitt
465,37630,Shekhar Kapur
466,54025,Karyn Kusama
467,66088,Ronald F. Maxwell
468,101767,Robert Butler
469,42745,Steve Antin
470,33254,Jim Gillespie
471,1776,Francis Ford Coppola
472,10586,Richard Lester
473,65167,Scott Cooper
474,16847,Eli Roth
475,16848,Rob Zombie
476,141673,Jason Eisener
477,323,Curtis Hanson
478,71068,Phyllida Lloyd
479,52049,Jay Chandrasekhar
480,30715,Terrence Malick
481,42994,David Dobkin
482,3974,Miloš Forman
483,35453,Pierre Morel
484,70573,Paul Hunter
485,4489,Steve Oedekerk
486,61175,John Whitesell
487,1921,George Nolfi
488,17016,Neil Jordan
489,57633,Rawson Marshall Thurber
490,5281,Spike Lee
491,4723,Brian Helgeland
492,664,Frank Marshall
493,26875,Hideo Nakata
494,18357,Peter Hewitt
495,18311,Joe Roth
496,5345,Bennett Miller
497,59521,Jaume Collet-Serra
498,58375,Andy Fickman
499,61290,Matthew O'Callaghan
500,7312,Angela Robinson
501,5501,Gary Fleder
502,76927,Tommy Wirkola
503,7270,Adrian Lyne
504,2945,Stephen Gaghan
505,1265056,Jorge R. Gutierrez
506,33315,Richard Loncraine
507,8296,Christophe Gans
508,26502,Howard Deutch
509,68843,Jon Hurwitz
510,68844,Hayden Schlossberg
511,93214,Steven Quale
512,4610,John Landis
513,17649,Alexander Witt
514,20237,Beeban Kidron
515,21712,Carl Franklin
516,23880,Steven Seagal
517,2034,Danny Boyle
518,41550,Andrew Bergman
519,23393,Barbet Schroeder
520,16785,Peter Webber
521,8685,Andrew Niccol
522,21684,Bong Joon-ho
523,11770,John Carpenter
524,5655,Wes Anderson
525,224,David Cronenberg
526,57082,John Stockwell
527,64141,David Gordon Green
528,53334,Jim Sheridan
529,27436,Costa-Gavras
530,56059,Patrick Read Johnson
531,2163,Richard LaGravenese
532,518,Danny DeVito
533,58294,George Armitage
534,27226,Patrick Lussier
535,57134,James Wong
536,7018,Richard Curtis
537,41270,Chuck Bowman
538,75035,Olivier Megaton
539,4760,Deepa Mehta
540,6449,Warren Beatty
541,14911,Penny Marshall
542,16544,Ted Kotcheff
543,8452,Andrei Tarkovsky
544,31093,Yvette Kaplan
545,133293,Paul Bolger
546,142587,Greg Tiernan
547,3224,Stephen Frears
548,3045,P.J. Hogan
549,144221,Brad Furman
550,9855,Terence Young
551,12987,David Zucker
552,137427,Denis Villeneuve
553,52038,Thomas Carter
554,7017,Roger Michell
555,26648,Luis Llosa
556,16745,Melville Shavelson
557,52842,Garth Jennings
558,54644,Joel Zwick
559,52968,Russell Mulcahy
560,4755,David R. Ellis
561,7791,Peter Howitt
562,60237,John A. Davis
563,5602,David Lynch
564,16391,Julie Taymor
565,2406,Mathieu Kassovitz
566,35155,John Gray
567,79656,John Schultz
568,2228,Sean Penn
569,60129,Susan Stroman
570,18254,Simon Wincer
571,879,Billy Bob Thornton
572,21905,Danny Pang
573,31033,Oxide Pang Chun
574,16566,George P. Cosmatos
575,56710,Oliver Parker
576,43518,Lawrence Kasanoff
577,880,Ben Affleck
578,18069,Brian Gibson
579,11426,Ben Sharpsteen
580,11429,Hamilton Luske
581,12114,Michael Cimino
582,2291,Paul McGuigan
583,5216,Gus Van Sant
584,11873,Roger Kumble
585,58552,Burr Steers
586,7314,Nick Park
587,17871,John Hamburg
588,68215,Reginald Hudlin
589,10601,Joseph L. Mankiewicz
590,10400,Barbra Streisand
591,11676,Mark Pellington
592,10179,John Glen
593,19850,Catherine Hardwicke
594,27846,John Herzfeld
595,58164,Annabel Jankel
596,58165,Rocky Morton
597,114597,Julie Anne Robinson
598,19274,Seth Rogen
599,54734,Evan Goldberg
600,141169,Sngmoo Lee
601,2408,Jamel Debbouze
602,64901,Gordon Chan
603,72344,Asger Leth
604,16513,John G. Avildsen
605,29214,Anne Fletcher
606,5696,Bruce Beresford
607,1137903,Sam Taylor-Johnson
608,29009,Ken Kwapis
609,5140,Wes Craven
610,52803,Etan Cohen
611,11151,Nick Cassavetes
612,52934,Nicholas Stoller
613,87130,Mark A.Z. Dippé
614,1098477,Callan Brunker
615,41671,Nimród Antal
616,21031,Alejandro Agresti
617,3290,Peter Hedges
618,66548,Paul Weiland
619,6037,Colin Strause
620,6038,Greg Strause
621,6720,Joan Chen
622,54733,Greg Mottola
623,51851,Jake Kasdan
624,3092,Diane Keaton
625,64030,Kelly Makin
626,468,Stephen Daldry
627,25735,Christian Duguay
628,42175,Richard Stanley
629,71570,Justin Chadwick
630,19969,Pat O'Connor
631,50582,Frederik Du Chau
632,11472,Irwin Winkler
633,66823,Joseph Kahn
634,1769,Sofia Coppola
635,56435,Stephen T. Kay
636,51894,Juan Antonio Bayona
637,58251,Elaine May
638,66960,Dennie Gordon
639,56106,Charles Shyer
640,140354,Ulu Grosbard
641,57898,William Malone
642,72024,Malcolm D. Lee
643,52094,Jerry Jameson
644,18889,Mic Rodgers
645,54559,Christian Alvart
646,64909,Jean-Marie Poiré
647,86295,Marc F. Adler
648,86296,Jason Maurer
649,61357,Geoffrey Sax
650,44740,Richard Shepard
651,56739,Peter Chan
652,76812,Raymond Yip Wai-Man
653,71871,Sergei Bodrov Jr.
654,84736,Ivan Passer
655,2689,Jeff Nathanson
656,147021,S.S. Rajamouli
657,17764,Charles S. Dutton
658,21217,Jonathan Lynn
659,2380,David Carson
660,12453,Wong Kar-wai
661,1496406,Yuefeng Song
662,13563,Norman Jewison
663,58178,David Mirkin
664,46085,Luis Mandoki
665,20019,Lee Daniels
666,7671,Jeb Stuart
667,58712,Steve Miner
668,4762,Paul Thomas Anderson
669,33317,David Leland
670,111588,J Blakeson
671,1056121,Ryan Coogler
672,64045,Kirk Jones
673,1224,Ethan Coen
674,66218,Jennifer Flackett
675,66219,Mark Levin
676,19303,Kevin Smith
677,63820,Christian Ditter
678,1270,Charles Martin Smith
679,80999,Fyodor Bondarchuk
680,10930,Irvin Kershner
681,3227,Steve Pink
682,33433,Scott Hicks
683,2632,Chris Rock
684,63571,Wilson Yip
685,27728,Leslie H. Martinson
686,1744,Robert Wise
687,70777,Kevin Rodney Sullivan
688,19499,Kevin Munroe
689,53178,Mike Tollin
690,3964,Patrick Tatopoulos
691,70738,Gary David Goldberg
692,10051,Tobe Hooper
693,113225,Alan Poul
694,65734,Luke Greenfield
695,40243,Gil Junger
696,12964,Michael Ritchie
697,1726,Steven E. de Souza
698,59291,Alexandre Aja
699,28741,Michael Rymer
700,28904,Hugh Wilson
701,17281,Mike Hodges
702,90812,Scott Mann
703,113600,Susanna White
704,12524,Chris Carter
705,62514,Tommy O'Haver
706,1192754,Peter Landesman
707,80691,Gary Chapman
708,35796,Craig Mazin
709,64163,Kimble Rendall
710,12804,Peter Yates
711,5306,Lasse Hallström
712,69371,Jean-Marc Vallée
713,26760,Tsui Hark
714,56359,Lexi Alexander
715,17268,Ronny Yu
716,19684,Bille August
717,66203,Moustapha Akkad
718,25950,Jean-Paul Rappeneau
719,20307,Joachim Rønning
720,20308,Espen Sandberg
721,814,Tony Kaye
722,1375201,Ken Scott
723,22100,Hugh Johnson
724,608,Hayao Miyazaki
725,66121,"George Tillman, Jr."
726,29524,Rand Ravich
727,58220,Hugh Hudson
728,76100,Ben Stassen
729,1324172,Jeremy Degruson
730,10855,Chris Gorak
731,932088,Scott Speer
732,66604,Joe Charbanic
733,876,Jonathan Hensleigh
734,33279,Danny Cannon
735,52358,Boaz Yakin
736,19800,Richard Marquand
737,57581,Neil Marshall
738,22214,David Wain
739,53925,Jared Hess
740,11809,Rupert Wainwright
741,97026,John Luessenhop
742,52599,Justin Zackham
743,53176,John Gatins
744,114404,Miguel Sapochnik
745,64331,Shim Hyung-Rae
746,93419,Don Scardino
747,504,Tim Robbins
748,43673,Tom Reeve
749,96439,Nanette Burstein
750,81476,Ariel Vromen
751,10076,Lewis Gilbert
752,52935,John Francis Daley
753,1236679,Jonathan M. Goldstein
754,7409,J.B. Rogers
755,566328,Michael Sucsy
756,56717,Tom Vaughan
757,70651,Stephen Hillenburg
758,80540,Stig Bergqvist
759,52443,Jason Reitman
760,13235,Alexander Payne
761,56661,Jonathan Levine
762,67367,Rian Johnson
763,58137,Chris Noonan
764,14172,Michael McCullers
765,2178,Forest Whitaker
766,1243,Woody Allen
767,1262197,Peter Lepeniotis
768,34849,Ted Demme
769,1748,William Shatner
770,7313,Steve Box
771,34891,Mike Johnson
772,60496,James Gartner
773,109745,Lee Toland Krieger
774,77919,Tim McCanlies
775,47506,Drew Goddard
776,35694,Jason Friedberg
777,35734,Aaron Seltzer
778,12988,Paul Michael Glaser
779,26714,John R. Leonetti
780,31,Tom Hanks
781,2836,Kimberly Peirce
782,60024,Liz Friedlander
783,18500,Phil Joanou
784,71923,Shane Acker
785,63713,Martha Coolidge
786,227438,Stephen Anderson
787,58868,Troy Miller
788,55789,Tate Taylor
789,57090,Brett Leonard
790,59126,Alister Grierson
791,42274,Nick Hurran
792,80215,Charles Stone III
793,455,Paul Haggis
794,13927,Kurt Wimmer
795,58324,Jean-François Richet
796,40230,Kevin Hooks
797,56150,Ellory Elkayem
798,15287,Niki Caro
799,5877,Vincenzo Natali
800,686,Willard Huyck
801,77003,Gavin O'Connor
802,44179,Bruce Hunt
803,20305,Christopher Roberts
804,543568,Kim Jee-woon
805,6361,Nick Hamm
806,80307,Andy Cadiff
807,108952,Mike Disa
808,137475,Richard J. Lewis
809,4385,Sergio Leone
810,19346,Niels Arden Oplev
811,28898,Michael Radford
812,72258,Steve Boyum
813,20640,Chen Kaige
814,35452,Corey Yuen Kwai
815,37618,Andrew Dominik
816,18897,Jackie Chan
817,143217,张立 | Zhang Li
818,64575,Laurent Tirard
819,57035,Reinhard Klooss
820,66942,Holger Tappe
821,21126,Frédéric Auburtin
822,16919,Olivier Dahan
823,1565981,Maksim Fadeev
824,67750,Liliana Cavani
825,9281,Elizabeth Banks
826,819,Edward Norton
827,170820,Ben Falcone
828,4786,Richard Attenborough
829,65677,Don Mancini
830,40307,John Maybury
831,86439,Norton Virgien
832,110873,Igor Kovalyov
833,70100,Shinji Aramaki
834,61069,Miguel Arteta
835,20561,James Gray
836,492,Janusz Kamiński
837,74159,Robert B. Weide
838,55075,Jeff Wadlow
839,127823,Agustín Díaz Yanes
840,928490,Camille Delamarre
841,12238,David Lean
842,36693,Richard Eyre
843,1788,Nicholas Meyer
844,17397,Callie Khouri
845,64140,Sanaa Hamri
846,18342,Todd Graff
847,648,Philip Kaufman
848,73460,Saul Dibb
849,154,Walter Murch
850,564,Richard Linklater
851,17279,E. Elias Merhige
852,736,Menno Meyjes
853,1038,Jodie Foster
854,2199,Scott Frank
855,36083,Kevin Allen
856,21136,Michael Cristofer
857,53599,Andrew Morahan
858,19450,Bob Rafelson
859,56956,Michael Cohn
860,1410294,Stephen Greene
861,129941,Alan Shapiro
862,8557,Fernando Meirelles
863,52405,Michael Hoffman
864,238220,Oleg Stepchenko
865,172,Michael Winterbottom
866,59649,Michael Pressman
867,9158,Sharon Maguire
868,76247,Charles Herman-Wurmfeld
869,36697,Gábor Csupó
870,80602,Tyler Perry
871,40223,Joe Carnahan
872,15337,John Polson
873,4956,Bernardo Bertolucci
874,78488,Cathy Malkasian
875,78485,Jeff McGrath
876,86437,John Eng
877,21931,Chris Nahon
878,66563,Fred Wolf
879,62116,Bille Woodruff
880,56349,Victor Salva
881,1098,Mark Helfrich
882,16356,Steve Bendelack
883,56998,Dwight H. Little
884,19866,Guillaume Canet
885,41285,Kirsten Sheridan
886,2087,Richard Fleischer
887,31074,Kinji Fukasaku
888,68412,Toshio Masuda
889,47974,Bob Spiers
890,59229,Damien Dante Wayans
891,47333,John Wells
892,125544,Tim Fywell
893,24248,Nigel Cole
894,974,Dexter Fletcher
895,25210,Jeremy Leven
896,31119,Sylvain White
897,135601,Troy Nixey
898,65190,Philip G. Atwell
899,57405,Jeff Schaffer
900,14838,James Bridges
901,18308,Steve Barron
902,2053,Bill Paxton
903,1577,Richard Kelly
904,68352,Carter Smith
905,19304,John Schlesinger
906,26767,Ringo Lam
907,73499,Bruce McCulloch
908,437833,Patricia Riggen
909,8392,Pascal Chaumeil
910,42171,Jonathan Kaplan
911,22676,Ole Bornedal
912,24318,Richard Benjamin
913,63709,Craig R. Baxley
914,53333,John Hillcoat
915,6778,John Guillermin
916,74062,Marcos Siega
917,56891,Rachel Talalay
918,109695,Jeffrey W. Byrd
919,56205,Atom Egoyan
920,11057,Robert Towne
921,65314,Giuseppe Tornatore
922,6818,Werner Herzog
923,93592,Jérôme Deschamps
924,151175,Pascal Hérold
925,1051654,Macha Makeïeff
926,115999,Inna Evlannikova
927,116000,Svyatoslav Ushakov
928,83730,Jonathan English
929,38131,Sergey Bondarchuk
930,70703,Teddy Chan
931,16214,Mario Van Peebles
932,1749,Leonard Nimoy
933,18378,Herbert Ross
934,5149,Bonnie Hunt
935,58689,Neil LaBute
936,31511,Grant Heslov
937,21792,George Gallo
938,39996,Sidney Lumet
939,32983,Douglas McGrath
940,1979,Kevin Spacey
941,116100,Richard Williams
942,130482,Mary McGuckian
943,3417,Tony Goldwyn
944,558177,Jonathan Newman
945,84165,Michael Dinner
946,15663,Joseph Sargent
947,59635,Jerry Zaks
948,29783,Fred Durst
949,48583,Anne Fontaine
950,25873,Jon Cassar
951,6495,Mira Nair
952,14639,Mel Brooks
953,934,Russell Crowe
954,16853,Jessie Nelson
955,235820,Christopher Spencer
956,69498,Mike Bigelow
957,12632,Daniel Sackheim
958,13614,Deborah Kaplan
959,13615,Harry Elfont
960,15868,Uli Edel
961,44056,Fred Dekker
962,84981,Brian Trenchard-Smith
963,1318092,Paul J. Lombardi
964,1927,Blake Edwards
965,52894,Laurence Dunmore
966,70221,Christian Carion
967,51298,Dax Shepard
968,140372,David Palmer
969,17608,Rowan Joffe
970,96166,John Curran
971,84714,Juan José Campanella
972,34517,Trey Parker
973,76418,Stuart Gillard
974,102634,Katt Shea
975,64139,Joshua Michael Stern
976,74396,Tomas Alfredson
977,72624,John Duigan
978,4967,Colin Higgins
979,58514,Jim Sonzero
980,58448,Penelope Spheeris
981,56578,Jeff Tremaine
982,16187,Jeannot Szwarc
983,72757,Steve McQueen
984,1096867,Thea Sharrock
985,52114,Jon Lucas
986,226089,Scott Moore
987,1027737,Robin Budd
988,1027738,Donovan Cook
989,929825,Ava DuVernay
990,142007,Steve Trenbirth
991,61087,Mennan Yapo
992,93301,Jun Falkenstein
993,17867,Tom McCarthy
994,20310,Takashi Shimizu
995,47893,Gary Nelson
996,45052,Anton Corbijn
997,16395,Gregory Nava
998,26095,John Patrick Shanley
999,86051,Joshua Logan
1000,57521,Steve Beck
1001,222470,Todd Strauss-Schulson
1002,9200,John McNaughton
1003,45627,Nelson McCormick
1004,51445,Eric Valette
1005,41549,Andrew Fleming
1006,56501,Michael Spierig
1007,56502,Peter Spierig
1008,111686,Jim Field Smith
1009,56789,Thomas Bezucha
1010,62768,William Brent Bell
1011,61970,Ben Gluck
1012,131242,Anthony Bell
1013,53014,Jessica Bendinger
1014,142272,Henry Joost
1015,142276,Ariel Schulman
1016,228,Ed Harris
1017,2636,Alfred Hitchcock
1018,129718,Shana Feste
1019,54590,Steve Rash
1020,24173,Mike Binder
1021,69593,Michael J. Bassett
1022,73161,Frank Nissen
1023,57607,Stephen Chow
1024,64149,Peter Hastings
1025,1216735,Paul Abascal
1026,58059,Chris Koch
1027,57434,Amy Heckerling
1028,17087,Michael Moore
1029,18738,George Stevens
1030,21807,Billy Ray
1031,57199,Mark Mylod
1032,936154,Stephen St. Leger
1033,1311595,James Mather
1034,87178,Michael O. Sajbel
1035,36147,Charles T. Kanganis
1036,66039,Damon Santostefano
1037,12698,Bob Clark
1038,53332,Frank Passingham
1039,80537,Dave Borthwick
1040,80538,Jean Duval
1041,1046142,Benson Lee
1042,58403,Glen Morgan
1043,65452,Mike Leigh
1044,72960,Alejandro Monteverde
1045,66728,Jonathan Glazer
1046,556172,J.C. Chandor
1047,84021,Paul Gross
1048,15219,Marc Abraham
1049,16863,Todd Haynes
1050,74924,Mabrouk El Mechri
1051,202,Charlie Kaufman
1052,47503,Nancy Walker
1053,44848,Angelo Pizzo
1054,116370,Matthew Diamond
1055,185,Katsuhiro Ōtomo
1056,44847,David Anspaugh
1057,23287,Andrew Jarecki
1058,69696,Daniel Algrant
1059,77964,Mike Barker
1060,1098107,Wayne Thornley
1061,1339129,Gnana Rajasekaran
1062,1275019,Tom Walsh
1063,57454,Jonathan Jakubowicz
1064,1179590,Scott Walker
1065,68770,Mark Rosman
1066,1585252,Rob Hawk
1067,113733,Britt Allcroft
1068,70110,Alan Yuen
1069,126945,Brian Percival
1070,26481,Anand Tucker
1071,40199,Anthony Mann
1072,71280,Michael Dowse
1073,84061,Daniel Barnz
1074,716,Emile Ardolino
1075,9789,Robert Altman
1076,1617,James Schamus
1077,62721,Andrew Douglas
1078,17835,Ricky Gervais
1079,1551346,Matthew Robinson
1080,15358,Vic Armstrong
1081,17447,Terry Zwigoff
1082,36805,Audrey Wells
1083,65548,Rick Friedberg
1084,129952,Sean McNamara
1085,54710,Jody Hill
1086,62541,Brandon Camp
1087,101518,Kevin Tancharoen
1088,55476,Nicholas Hytner
1089,86203,Bart Freundlich
1090,86194,James Sbardellati
1091,86195,Peter Merwin
1092,12846,William A. Fraker
1093,19665,John Boorman
1094,61921,Courtney Solomon
1095,67897,Jeff Kanew
1096,225898,István Szabó
1097,12677,Matthew Robbins
1098,67767,Hal Needham
1099,71872,Jeff Nichols
1100,97942,Jonathan Teplitzky
1101,6011,Michael Haneke
1102,12714,Zack Ward
1103,56173,Mike Marvin
1104,57030,Gregor Jordan
1105,21678,Olivier Assayas
1106,107730,Tran Anh Hung
1107,57154,Lance Hool
1108,57557,Christian Volckman
1109,95320,Rodrigo Cortés
1110,10995,David Hayter
1111,61373,Cory Edwards
1112,61371,Todd Edwards
1113,61372,Tony Leech
1114,2589,Terry George
1115,18184,Xavier Gens
1116,51864,Kasi Lemmons
1117,1024823,Brian A Miller
1118,2876,Matt Dillon
1119,14674,George Cukor
1120,89113,John Robert Hoffman
1121,2150,Kevin Greutert
1122,58316,John Fortenberry
1123,130687,Erik White
1124,75687,Christian Robinson
1125,168667,Jason Moore
1126,57895,Robert Harmon
1127,130822,Trent Cooper
1128,150641,Gary Halvorson
1129,2765,Nicholas Ray
1130,67619,Guy Green
1131,932248,Fede Alvarez
1132,64508,Sidney J. Furie
1133,190339,Ian Iqbal Rashid
1134,19000,Wayne Kramer
1135,63943,Rowdy Herrington
1136,134639,Jim Goddard
1137,29342,Noel Marshall
1138,40541,Andrea Di Stefano
1139,66856,Guillaume Ivernel
1140,66857,Arthur Qwak
1141,30422,Jack Smight
1142,587800,Todd Lincoln 
1143,34611,Howard Zieff
1144,67795,Steven Shainberg
1145,29226,Julian Jarrold
1146,54597,Joe Nussbaum
1147,78118,Vadim Perelman
1148,67717,Michel Hazanavicius
1149,110618,Cyrus Nowrasteh
1150,20824,Perry Andelin Blake
1151,143079,Christian E. Christiansen
1152,16590,Sheldon Lettich
1153,76230,Diane English
1154,75043,Peter Flinth
1155,64815,Robert Iscove
1156,67781,Peter Kosminsky
1157,17278,Nick Gomez
1158,16834,Allen Coulter
1159,51600,Clare Kilner
1160,15361,Josef Rusnak
1161,302339,Lance Rivera
1162,7501,Ronald Neame
1163,173607,Bruce Paltrow
1164,50583,Adam Rifkin
1165,1011,Susanne Bier
1166,19142,Kenneth Johnson
1167,54441,James Ivory
1168,73832,Jessy Terrero
1169,37627,Dany Boon
1170,54176,Nicolas Guy
1171,72133,Vicente Amorim
1172,14597,Gaspar Noé
1173,69987,Jérôme Salle
1174,2176,Tommy Lee Jones
1175,114646,Jesse Vaughan
1176,140151,William Bindley
1177,58667,Wayne Beach
1178,21647,Gérard Krawczyk
1179,145304,Udayan Prasad
1180,87537,Yoon Je-kyoon
1181,77965,Morten Tyldum
1182,1113116,Andy Muschietti
1183,58094,Gillian Armstrong
1184,63306,James Watkins
1185,19228,Jim Fall
1186,76422,Ric Roman Waugh
1187,11012,Michael Dougherty
1188,57604,Joel Gallen
1189,76998,James Marsh
1190,34481,Matt Williams
1191,94108,Dennis Iliadis
1192,33341,Rick Rosenthal
1193,5292,Denzel Washington
1194,21183,Nicolas Winding Refn
1195,58628,Sara Sugarman
1196,17597,Juan Carlos Fresnadillo
1197,71947,Gina Prince-Bythewood
1198,78562,Phil Traill
1199,69237,Joe Berlinger
1200,1223175,Elizabeth Allen Rosenbaum
1201,50460,Michael Mayer
1202,58260,Martin Weisz
1203,9039,John Ottman
1204,56453,John Bonito
1205,136153,Peter Atencio
1206,33316,David Nutter
1207,139098,Derek Cianfrance
1208,27889,Stephan Elliott
1209,67753,Mark L. Lester
1210,36423,Tom Green
1211,78298,Mike Nawrocki
1212,1670361,Catherine Owens
1213,71901,Douglas Aarniokoski
1214,75646,Bryan Barber
1215,1176,Lone Scherfig
1216,69597,Drew Barrymore
1217,16304,Brian Koppelman
1218,16305,David Levien
1219,15890,James Foley
1220,13,Albert Brooks
1221,104507,Steve Gomer
1222,150,RZA
1223,1219210,Mark Piznarski
1224,53267,Craig Brewer
1225,161858,David Raynr
1226,57962,Mort Nathan
1227,29648,Dan Curtis
1228,151232,Wil Shriner
1229,54472,Martin McDonagh
1230,84124,Tina Gordon Chism
1231,57630,Peter Cattaneo
1232,56263,Mary Lambert
1233,18204,Peter Kassovitz
1234,50719,Rodman Flender
1235,62872,Katja von Garnier
1236,57446,Mark Romanek
1237,37948,Brad Anderson
1238,1044,Michael Chapman
1239,3131,Antonio Banderas
1240,1498767,Khalil Sullins
1241,68,Fritz Lang
1242,64992,Hou Hsiao-hsien
1243,68519,Andrey Zvyagintsev
1244,57207,Tony Jaa
1245,57274,Panna Rittikrai
1246,45996,Ryûhei Kitamura
1247,16730,Darrell James Roodt
1248,53935,Dito Montiel
1249,15115,Stefan Ruzowitzky
1250,122582,Jake Paltrow
1251,78001,Juraj Jakubisko
1252,1199049,Anthony Silverston
1253,119953,Gabe Ibáñez
1254,21394,Gerry Lively
1255,59911,Daniele Luchetti
1256,240150,Derek Yee Tung-Sing
1257,22669,Julien Temple
1258,119665,Gregory Jacobs
1259,144519,Gilles Paquet-Brenner
1260,1219769,Peter Cousens
1261,42,Lars von Trier
1262,57594,John Cornell
1263,99710,Vidhu Vinod Chopra
1264,59958,Jamie Blanks
1265,8876,Randal Kleiser
1266,78297,Phil Vischer
1267,51866,Rick Famuyiwa
1268,111247,Alan Cohn
1269,24657,Franco Zeffirelli
1270,64796,Tom Holland
1271,69579,James Isaac
1272,2880,Emilio Estevez
1273,168798,Josh Schwartz
1274,7482,Julian Schnabel
1275,5010,Todd Field
1276,19012,Davis Guggenheim
1277,56913,Stephen Carpenter
1278,66222,James Fargo
1279,11983,Alain Resnais
1280,554948,Chao-Bin Su
1281,30711,Kenneth Lonergan
1282,73833,Bo Zenga
1283,56591,Danny Leiner
1284,56828,Christopher Cain
1285,1141683,Theodore Melfi
1286,7397,Ed Decter
1287,56953,Gene Quintano
1288,20218,Eric Bress
1289,20219,J. Mackye Gruber
1290,76705,Preston A. Whitmore II
1291,58036,Kirk Wong
1292,18320,Bronwen Hughes
1293,65678,John Lafia
1294,134156,Sam Miller
1295,2036,Alex Garland
1296,66116,Mark Brown
1297,41887,Michael Polish
1298,56714,Daisy von Scherler Mayer
1299,83281,Lenny Abrahamson
1300,72450,Bob Saget
1301,10367,John Waters
1302,34692,Craig Bolotin
1303,33541,Mark Christopher
1304,58518,Blair Hayes
1305,21339,Jez Butterworth
1306,90,Isabel Coixet
1307,1357,Christopher Doyle
1308,6220,Gurinder Chadha
1309,16927,Gérard Depardieu
1310,21768,Sylvain Chomet
1311,21769,Bruno Podalydès
1312,21681,Nobuhiro Suwa
1313,21683,Oliver Schmitz
1314,21771,Daniela Thomas
1315,37626,Patrice Leconte
1316,47773,Paul Mazursky
1317,19311,Stephen Chbosky
1318,82033,Jon Hess
1319,155531,Joe Cornish
1320,78866,John H. Lee
1321,944713,John Stainton
1322,227936,Benedek Fliegauf
1323,1035,Paul Schrader
1324,130837,Stewart Hendler
1325,31497,John Cromwell
1326,32427,W.S. Van Dyke
1327,55299,Mark Herman
1328,39104,Abel Ferrara
1329,61847,Ethan Maniquis
1330,37852,George Hickenlooper
1331,64883,Kang Je-gyu
1332,56506,William Dear
1333,126597,Stéphane Aubier
1334,126599,Vincent Patar
1335,1092607,Benjamin Renner
1336,12840,John Badham
1337,90429,Mike McCoy
1338,17403,Mike Judge
1339,57691,Tamra Davis
1340,1299380,Nima Nourizadeh
1341,13265,Franklin J. Schaffner
1342,77147,John Erick Dowdle
1343,56735,David Moreau
1344,56736,Xavier Palud
1345,234818,Christopher Erskin
1346,65298,Brian Henson
1347,1027017,Dan Cutforth
1348,1027018,Jane Lipsitz
1349,1053420,Josh Boone
1350,836732,Jake Schreier
1351,232937,Cheryl Dunye
1352,15521,Ernest R. Dickerson
1353,229097,Lionel C. Martin
1354,486,Wallace Wolodarsky
1355,81856,Nicholas Jarecki
1356,1099862,Dean Israelite
1357,81727,Darnell Martin
1358,7130,Scott Alexander
1359,7131,Larry Karaszewski
1360,27991,Stuart Gordon
1361,13524,Christopher Guest
1362,10757,Jane Campion
1363,64061,Fred Schepisi
1364,42617,Antonia Bird
1365,10395,Jon Poll
1366,56194,Paolo Sorrentino
1367,42518,Peter Care
1368,10099,Park Chan-wook
1369,53708,Ira Sachs
1370,68212,Carroll Ballard
1371,3317,Takeshi Kitano
1372,5192,Marco Kreuzpaintner
1373,47275,Lajos Koltai
1374,72427,Alan Rudolph
1375,92015,Lu Chuan
1376,1438306,Lijun Sun
1377,43652,Takashi Yamazaki
1378,41041,Christopher Smith
1379,1128550,Timothy Hines
1380,29700,David Winters
1381,5026,Akira Kurosawa
1382,83224,Jamie Thraves
1383,103602,Mabel Cheung
1384,6733,Dan Mazer
1385,1284493,R.J. Cutler
1386,12920,David S. Ward
1387,21677,Barnaby Thompson
1388,123694,Rob Pritts
1389,77269,John Crowley
1390,82221,Brendan Malloy
1391,82222,Emmett Malloy
1392,4483,Dustin Hoffman
1393,50942,Gregory Poirier
1394,133502,Simon Curtis
1395,113641,Dewey Nicks
1396,107414,Philip Saville
1397,1462,Tim Blake Nelson
1398,83467,William A. Graham
1399,18854,Martin Ritt
1400,1241,John Turturro
1401,1128,Agnieszka Holland
1402,2679,David Hackl
1403,132257,Giuliano Montaldo
1404,229568,Lisa Azuelos
1405,38774,Ray Lawrence
1406,35736,Karan Johar
1407,90508,Ruairi Robinson
1408,54525,Jaume Balagueró
1409,30368,Jon Kasdan
1410,135534,Léa Pool
1411,67834,Floyd Mutrux
1412,14086,Sajid Khan
1413,112630,Dean Wright
1414,85340,Eric Lartigau
1415,432629,Shintaro Shimosawa
1416,2675,Darren Lynn Bousman
1417,53120,James DeMonaco
1418,9894,Bernhard Wicki
1419,35318,Ken Annakin
1420,57142,Andrew Marton
1421,15378,Carol Reed
1422,141706,Chuck Sheetz
1423,57433,George Ogilvie
1424,65133,Marcus Raboy
1425,2128,Leigh Whannell
1426,77300,Michael Schultz
1427,71548,Peter Sollett
1428,12648,Bob Dolman
1429,47364,Greg Coolidge
1430,592493,David Lowery
1431,145142,Ciaran Foy
1432,225556,Salim Akil
1433,62369,Olatunde Osunsanmi
1434,78997,Leon Ichaso
1435,64195,Joseph Zito
1436,55439,Patricia Rozema
1437,60243,Rob Schmidt
1438,59413,Ben Garant
1439,57492,Morgan Spurlock
1440,57692,Neal Brennan
1441,1409418,Tuck Tucker
1442,120515,Theodore Witcher
1443,33192,Joel Edgerton
1444,307546,Jim Hanon
1445,59412,Michael Patrick Jann
1446,62863,Jorma Taccone
1447,141825,Rusty Cundieff
1448,938681,James Duffy
1449,938682,Patrik Forsberg
1450,1272994,Jonathan van Tulleken
1451,1579630,Will Graham
1452,57173,Jeff Lowell
1453,71551,Lorene Scafaria
1454,51023,Marcus Dunstan
1455,1082114,Timothy Bjorklund
1456,78012,François Girard
1457,65390,Scott Kalvert
1458,23532,Jason Bateman
1459,14409,David Schwimmer
1460,83198,Allan Arkush
1461,60045,Eric Bross
1462,15892,Dan Fogelman
1463,45405,Jay Duplass
1464,45407,Mark Duplass
1465,78160,Luca Guadagnino
1466,21475,John Putch
1467,21377,Peter Medak
1468,93911,Terence Davies
1469,23858,Harley Cokeliss
1470,66512,Tom Brady
1471,1300274,Jason Zada
1472,5656,Noah Baumbach
1473,95818,Eric Blakeney
1474,1032103,Rakesh Roshan
1475,126910,Derrick Borte
1476,228797,Richard Kwietniowski
1477,59410,Bob Odenkirk
1478,93047,Joshua Seftel
1479,22461,Vincent Gallo
1480,19069,Claude Chabrol
1481,12219,Jon Stewart
1482,37577,Bigas Luna
1483,5469,Ralph Fiennes
1484,11013,Dan Harris
1485,141450,Mel Smith
1486,95024,Bobcat Goldthwait
1487,65317,Jake Scott
1488,69801,Alan Metter
1489,1432207,Rafa Lara
1490,55948,Alan Smithee
1491,133259,Arthur Hiller
1492,17845,Michael Meredith
1493,129716,Julio DePietro
1494,89395,Katherine Dieckmann
1495,219961,Kim Farrant
1496,69144,Scott Marshall Smith
1497,57865,Álex de la Iglesia
1498,81328,Andrew Traucki
1499,4910,Michael Clancy
1500,31120,Robert Adetuyi
1501,22140,Kari Skogland
1502,1291685,Taedong Park
1503,1395853,Mauricio De la Orta
1504,42092,Benedikt Erlingsson
1505,25527,Jason Connery
1506,87121,Vic Sarin
1507,1434341,Jim Issa
1508,107630,William Phillips
1509,1271,Andy García
1510,232858,Sarik Andreasyan
1511,63052,Julian Gilbey
1512,33094,Gary Sherman
1513,1040955,Valeri Milev
1514,4081,Stanley Kramer
1515,309,Pedro Almodóvar
1516,70616,Gerald Potterton
1517,119819,Anurag Basu
1518,110427,Kriv Stenders
1519,35770,Yash Chopra
1520,98521,Floria Sigismondi
1521,72197,Ferzan Ozpetek
1522,65627,Kris Isacsson
1523,24294,Ben Younger
1524,74063,Daniel Taplitz
1525,54240,Tamara Jenkins
1526,1214860,Linda Mendoza
1527,7678,Hart Bochner
1528,59023,Stewart Raffill
1529,1296119,Na Hong-jin
1530,565524,Chatrichalerm Yukol
1531,4955,Dario Argento
1532,121588,Eric Lavaine
1533,59923,Marc Forby
1534,56195,Ole Christian Madsen
1535,1045480,Meiert Avis
1536,96627,André Téchiné
1537,47201,Emily Young
1538,58453,Peter Faiman
1539,145169,Martyn Pick
1540,33036,Roland Suso Richter
1541,75544,Jeremy Sims
1542,64210,Maïwenn
1543,74569,Joby Harold
1544,49605,Ekachai Uekrongtham
1545,21958,Mark Rydell
1546,109692,David E. Talbert
1547,53767,Roger Vadim
1548,22558,Nils Gaup
1549,991868,Ari Sandel
1550,6198,Vondie Curtis-Hall
1551,51795,Tom Elkins
1552,85006,Kang Woo-Suk
1553,102445,John Sayles
1554,88142,Vipul Amrutlal Shah
1555,15488,Ken Loach
1556,87378,Ayan Mukherjee
1557,9054,Mervyn LeRoy
1558,70579,Serdar Akar
1559,70580,Sadullah Şentürk
1560,68457,James Frawley
1561,57113,Dan Gilroy
1562,16959,Jonathan Dayton
1563,16960,Valerie Faris
1564,127936,Chris Stokes
1565,14773,Don Siegel
1566,78029,Martin Lawrence
1567,67316,Masayuki Ochiai
1568,1211000,Tom Gormican
1569,99339,Ken Shapiro
1570,1354959,Justin Tipping
1571,9868,Peter R. Hunt
1572,109640,Doug Atchison
1573,130128,Jonas Elmer
1574,16378,Mary Harron
1575,32868,Erik Canuel
1576,54795,Troy Duffy
1577,56539,Nicole Holofcener
1578,230059,Matty Rich
1579,144277,Fina Torres
1580,1019303,Duke Johnson
1581,4387,François Ozon
1582,53068,Ryan Fleck
1583,53069,Anna Boden
1584,122449,Steve James
1585,19244,Michael Winner
1586,96676,Tomm Moore
1587,96677,Nora Twomey
1588,45117,John Carney
1589,53212,David Jacobson
1590,77076,Michael Corrente
1591,1134201,Edward Hall
1592,33054,Keith Gordon
1593,64754,Andrew Currie
1594,36422,Luke Wilson
1595,71555,Andrew Wilson
1596,73588,Marc Schölermann
1597,115677,Coky Giedroyc
1598,137064,Robert Moresco
1599,4453,Thomas Vinterberg
1600,101399,Claudia Llosa
1601,93136,Charles Binamé
1602,228311,Keith Parmer
1603,17510,Ol Parker
1604,1088096,James Nunn
1605,7191,David Webb Peoples
1606,101233,Michael Winnick
1607,44916,Stanley Tong
1608,585161,David Oelhoffen
1609,32765,Tony Richardson
1610,84113,Charles Robert Carner
1611,229198,Russell Holt
1612,18209,Claude Miller
1613,107039,Sacha Bennett
1614,77162,Rodrigo García
1615,968998,Jeta Amata
1616,35785,Siddharth Anand
1617,20709,Vincent Paronnaud
1618,20659,Marjane Satrapi
1619,52961,Dennis Gansel
1620,94918,Daniel Barber
1621,102797,Robert Marcarelli
1622,5917,Ernie Barbarash
1623,9915,Guy Hamilton
1624,16328,Adam Brooks
1625,20412,Michael Anderson
1626,52159,James D. Stern
1627,92935,Don Kempf
1628,66681,Matt Bettinelli-Olpin
1629,1039527,Tyler Gillett
1630,158835,Sharron Miller
1631,58292,Aaron Schneider
1632,120615,Tom Ford
1633,70415,Tony Maylam
1634,86164,Mitch Davis
1635,40220,Kevin Brodie
1636,83287,Lynne Ramsay
1637,1387618,John Stephenson
1638,550857,Tim Chambers
1639,19333,Dick Richards
1640,36187,Bob Gosse
1641,88077,Alex Zamm
1642,131521,Spencer Susser
1643,72467,Thaddeus O'Sullivan
1644,72205,Shari Springer Berman
1645,72206,Robert Pulcini
1646,270361,Aleksey German
1647,96745,Stephen Milburn Anderson
1648,20766,Richard E. Grant
1649,141503,David Lam
1650,1006810,Vladlen Barbe
1651,1150877,Maksim Sveshnikov
1652,107274,Richard Rich
1653,27745,Robert C. Cooper
1654,646785,Kim Nguyen
1655,17183,Jackie Earle Haley
1656,22677,Max Färberböck
1657,76009,Arie Posin
1658,77062,Damian Nieman
1659,86482,Mark Tonderai
1660,109978,Ian Fitzgibbon
1661,942251,Rachel Perkins
1662,82219,Luis Valdez
1663,21278,Alan Alda
1664,65420,Louis Morneau
1665,4522,Caroline Link
1666,1053020,Sterling Van Wagenen
1667,933739,Zal Batmanglij
1668,95972,Hans Petter Moland
1669,34110,Oren Moverman
1670,113907,Ian Sharp
1671,4780,Wolfgang Becker
1672,5045,Dan O'Bannon
1673,9577,George Roy Hill
1674,5834,Robert Stevenson
1675,18868,Jerome Robbins
1676,95458,Gary Hardwick
1677,29962,King Vidor
1678,2223,Fred Savage
1679,62410,Sammo Hung
1680,32813,Dominique Othenin-Girard
1681,111085,Jean-Jacques Mantello
1682,3191,Risa Bramon Garcia
1683,51996,Brian Klugman
1684,929917,Lee Sternthal
1685,589159,Matt Piedmont
1686,99496,Raymond De Felitta
1687,65594,John Michael McDonagh
1688,77911,Deb Hagan
1689,84833,Zach Cregger
1690,84834,Trevor Moore
1691,5367,Zach Braff
1692,18679,Mark Tarlov
1693,17114,John Cameron Mitchell
1694,80006,Jon Knautz
1695,67910,David Atkins
1696,59210,Patrick Stettner
1697,7767,Sam Peckinpah
1698,4782,Michael Crichton
1699,24757,Sylvio Tabet
1700,71339,Rick Bieber
1701,16484,Joey Lauren Adams
1702,4065,Fred Zinnemann
1703,75882,S.R. Bindler
1704,57125,Greg Marcks
1705,124783,Perry Lang
1706,114596,Jake Goldberger
1707,228177,William Kaufman
1708,152249,Jim O'Hanlon
1709,17520,Cédric Klapisch
1710,1280037,Kate Barker-Froyland
1711,80630,Martin Koolhoven
1712,122728,Charles Matthau
1713,1102620,Christopher Bessette
1714,57214,Prachya Pinkaew
1715,20779,Gary Sinyor
1716,131856,Ashish R. Mohan
1717,54526,Paco Plaza
1718,77441,Darren Grant
1719,24045,Joseph Gordon-Levitt
1720,554946,William Sachs
1721,43993,Christophe Barratier
1722,6980,Émile Gaudreault
1723,40508,James Cox
1724,56381,James Toback
1725,16767,Aki Kaurismäki
1726,71080,Hitoshi Matsumoto
1727,53671,Rakeysh Omprakash Mehra
1728,1288700,Collin Schiffli
1729,46802,George Ratliff
1730,70520,Shane Meadows
1731,89824,Jon Wright
1732,83415,Michael McGowan
1733,11916,Liv Ullmann
1734,85445,Rohan Sippy
1735,568322,Dan Trachtenberg
1736,1302082,David F. Sandberg
1737,84962,Stiles White
1738,239574,Eugenio Derbez
1739,33064,Henry Koster
1740,6884,Patty Jenkins
1741,54248,Christopher B. Landon
1742,928915,David Gelb
1743,551463,Mike Flanagan
1744,105648,Nat Faxon
1745,161932,Jim Rash
1746,67896,Doug McHenry
1747,141824,George Jackson
1748,1174031,George T. Miller
1749,261271,Maurice Joyce
1750,3087,Robert Duvall
1751,113799,Frank Perry
1752,130816,Jesse Peretz
1753,9778,Ice Cube
1754,82335,Richard Glatzer
1755,82337,Wash Westmoreland
1756,4109,Michael Curtiz
1757,58040,Bruce Malmuth
1758,64735,Rob Hedden
1759,51918,Harmony Korine
1760,55116,Joe Chappelle
1761,48498,Mickey Liddell
1762,62556,Fred Walton
1763,102627,Steve Carver
1764,77123,Gonzalo López-Gallego
1765,74152,Christine Jeffs
1766,58245,Don Coscarelli
1767,1110102,Michael Tiddes
1768,1103,Bill Duke
1769,14855,Frank Borzage
1770,81718,Mamoru Hosoda
1771,81853,Shigeyasu Yamauchi
1772,74259,Brian Dannelly
1773,38516,Denys Arcand
1774,52371,J.S. Cardone
1775,71042,Jay Levey
1776,60149,Nicholaus Goossen
1777,83070,Scott Marshall
1778,583893,Ronan Chapalain
1779,583894,Pascal Vuong
1780,72320,Xavier Beauvois
1781,77121,Randall Miller
1782,29705,Jerry Belson
1783,133406,Dan Rush
1784,84931,Michael Cuesta
1785,16957,Fenton Bailey
1786,16958,Randy Barbato
1787,74655,Jeremy Saulnier
1788,87191,Billy Kent
1789,1343882,James Manera
1790,120426,Feroz Abbas Khan
1791,18533,Errol Morris
1792,2778,Dennis Hopper
1793,67106,Robert Sarkies
1794,52479,Eli Craig
1795,989831,Nicholas Fackler
1796,95723,Richard Wallace
1797,66800,Morgan J. Freeman
1798,58912,Matthew Hastings
1799,568267,Klaus Menzel
1800,90591,Oren Peli
1801,80384,Paul Andrew Williams
1802,3905,William H. Macy
1803,1365766,Barrett Esposito
1804,1404799,Vicky Jewson
1805,40385,Marcia Bennett
1806,1393858,Stanton Barrett
1807,11720,Jiří Menzel
1808,5125,Fatih Akin
1809,582918,Nick Murphy 
1810,583023,Frank LaLoggia
1811,35005,Jeremy Brock
1812,35595,Scott Foley
1813,123912,Christophe Ali
1814,123913,Nicolas Bonilauri
1815,84437,Gabriela Tagliavini
1816,56474,Shona Auerbach
1817,69168,Leonard Farlinger
1818,225887,Michel Leclerc
1819,1148217,Analeine Cal y Mayor
1820,66983,Tom Kalin
1821,6593,John Huston
1822,80570,Walter Lang
1823,96369,Carlos Saura
1824,844266,Jon Erwin
1825,909318,Andrew Erwin
1826,545086,Beto Gómez
1827,123150,Mike van Diem
1828,71329,Jonas Åkerlund
1829,66605,Todd Solondz
1830,24481,René Féret
1831,61571,Barry Skolnick
1832,25236,Johnnie To
1833,19841,Mateo Gil
1834,11037,Lukas Moodysson
1835,129715,Agnieszka Wojtowicz-Vosloo
1836,1352997,Kabir Sadanand
1837,118463,Peter DeLuise
1838,87296,Raja Menon
1839,134306,Kevin Sullivan
1840,41530,Nick Love
1841,114545,Ivan Engler
1842,114546,Ralph Etter
1843,8636,Cecil B. DeMille
1844,1354171,Henry Hobson
1845,6111,Mike Figgis
1846,1149038,Duane Journey
1847,3146,Billy Wilder
1848,75699,Lisa Cholodenko
1849,14520,John Sturges
1850,55420,William Arntz
1851,55421,Betsy Chasse
1852,557179,Ed Gass-Donnelly
1853,65134,DJ Pooh
1854,73668,James Melkonian
1855,8297,Roger Avary
1856,3110,Allison Anders
1857,3111,Alexandre Rockwell
1858,1491995,Rick de Oliveira
1859,60621,Jeff Franklin
1860,17439,Mike Mills
1861,87081,Dave McKean
1862,68994,Ron Fricke
1863,45572,Ruggero Deodato
1864,119417,Gavin Wiesen
1865,1004172,Mora Stephens
1866,91389,Mars Callahan
1867,27977,Leos Carax
1868,94155,Stefan Schwartz
1869,133183,Robert Lee King
1870,940807,Jorge Ramírez Suárez
1871,69099,Dan Ireland
1872,15602,Fernando León de Aranoa
1873,87082,Jim Mickle
1874,55018,Karim Aïnouz
1875,96172,Sam Levinson
1876,1210747,Aleksandr Veledinskiy
1877,129514,Peter H. Hunt
1878,108072,Ruba Nadda
1879,2917,James Whale
1880,13348,Howard Hughes
1881,34740,Edmund Goulding
1882,12833,Edward Burns
1883,136345,Sean Byrne
1884,106491,Mark Griffiths
1885,144528,Bruce MacDonald
1886,9049,Victor Fleming
1887,1030160,Richard Raymond
1888,21506,George Sidney
1889,117794,Chris Morris
1890,237884,Andrucha Waddington
1891,55587,Peter Stebbings
1892,13980,Vincente Minnelli
1893,18823,Dagur Kári
1894,12936,Jim Abrahams
1895,105860,Kevin Carraway
1896,15056,Michael Gornick
1897,3632,Richard Brooks
1898,138781,Robert Eggers
1899,258199,Michael Martin
1900,60099,Gideon Raff
1901,52849,Louis C.K.
1902,85822,Anthony C. Ferrante
1903,937439,Salvador Carrasco
1904,135113,André Øvredal
1905,119367,Robert Cary
1906,585272,Adam Rapp
1907,63852,Warren P. Sonoda
1908,938649,Amanda Gusack
1909,95550,Avi Nesher
1910,996070,Charles Adelman
1911,105643,Jay Oliva
1912,74058,Charles Ferguson
1913,87183,Mark Young
1914,774,"Daniel Petrie, Jr."
1915,1283831,Antonio Simoncini
1916,18525,Luc Jacquet
1917,18532,Jérôme Maison
1918,933320,Eldar Rapaport
1919,9048,Clark Gregg
1920,136495,Damien Chazelle
1921,8559,Kátia Lund
1922,68281,Justin Kerrigan
1923,131668,Nathan Frankowski
1924,74638,Karen Moncrieff
1925,55265,Jonathan Silverman
1926,76095,Jennifer Finnigan
1927,231521,Eric Styles
1928,17386,Laurent Cantet
1929,8500,John Ford
1930,100516,Max Mayer
1931,5872,Joshua Marston
1932,62797,John Gulager
1933,1081445,Brandon Cronenberg
1934,2662,Frank Capra
1935,20133,Tod Williams
1936,18635,Ted Post
1937,65428,Michael Haigney
1938,65429,Kunihiko Yuyama
1939,63550,Tom McLoughlin
1940,64743,Adam Marcus
1941,1062805,John Maclean
1942,134129,Benny Boom
1943,11435,Howard Hawks
1944,30293,Arthur Rosson
1945,1039544,Nnegest Likké
1946,57436,Christopher Leitch
1947,116832,Patricia Cardoso
1948,65865,Damien O'Donnell
1949,1058138,Peter M. Cohen
1950,3451,Mel Stuart
1951,48965,Anthony Hickox
1952,2691,Tom Schulman
1953,145134,Jill Sprecher
1954,239418,Darren Stein
1955,114614,David Nixon
1956,114615,Patrick Doughtie
1957,1480591,Enrique Begné
1958,55117,Matthew Bright
1959,60438,Michael Landon Jr.
1960,71082,Andrea Arnold
1961,78188,Whit Stillman
1962,217587,Leslye Headland
1963,111944,Bobby Roth
1964,132856,Tim Heidecker
1965,132857,Eric Wareheim
1966,84769,Michael Worth
1967,105363,Kate Connor
1968,119419,Deon Taylor
1969,1206,Jason Alexander
1970,73289,Conor McPherson
1971,223098,Will Canon
1972,1271492,Philip Zlotorynski
1973,109905,Lance Kawas
1974,564082,Francesca Gregorini
1975,564083,Tatiana von Furstenberg
1976,228041,Márcio Garcia
1977,130051,Craig Moss
1978,64856,Michael Jai White
1979,587519,Paolo Monico
1980,930627,Youssef Delara
1981,1158417,Victor Teran
1982,57777,Darin Scott
1983,130530,Christian Sesma
1984,20921,Monte Hellman
1985,566314,Brian Caunter
1986,131060,Chris D'Arienzo
1987,78108,Isaac Florentine
1988,19003,Heidi Ewing
1989,19006,Rachel Grady
1990,71797,Alex Gibney
1991,84369,Eugene Jarecki
1992,84451,Leon Ford
1993,117168,Hank Braxtan
1994,64722,John Carl Buechler
1995,85675,Rajkumar Hirani
1996,138322,Victor Nunez
1997,1312905,Rohit Jugraj
1998,66879,Kresten Vestbjerg Andersen
1999,66880,Thorbjørn Christoffersen
2000,27875,Alex van Warmerdam
2001,64194,Paweł Pawlikowski
2002,111745,Frank Sebastiano
2003,4319,Stacy Peralta
2004,118303,Nacho Vigalondo
2005,17295,Ning Hao
2006,42712,Tony Giglio
2007,13284,Stanley Donen
2008,13294,Gene Kelly
2009,567558,Joe Cross
2010,567559,Kurt Engfehr
2011,151460,John Sullivan
2012,219861,Dinesh D'Souza
2013,11777,Tommy Lee Wallace
2014,9108,Don Taylor
2015,559968,Leslie Small
2016,130358,Éric Tessier
2017,157879,Alison Maclean
2018,84461,Alice Wu
2019,93288,Sarah Gavron
2020,930710,James Ponsoldt
2021,74600,Joshua Tickell
2022,133684,Tim Boxell
2023,59975,Michael D. Sellers
2024,123990,Reed Cowan
2025,123991,Steven Greenstreet
2026,61848,James Dodson
2027,91252,Alex Rivera
2028,110834,John Murlowski
2029,1290942,Benni Diez
2030,130858,Danny Perez
2031,21415,Robby Henson
2032,439236,Zackary Adler
2033,230157,Dominic Burns
2034,232216,Carmen Marron
2035,1046127,Jason Stone
2036,108217,Jerry Rees
2037,5446,David Hand
2038,5691,Samuel Armstrong
2039,11427,William Roberts
2040,11428,Paul Satterfield
2041,11430,Jim Handley
2042,11431,Ford Beebe
2043,11432,T. Hee
2044,11434,Wilfred Jackson
2045,226599,Norman Ferguson
2046,1734565,Jaco Booyens
2047,58822,Danny Steinmann
2048,94471,Jon Gunn
2049,449832,Hayley Cloake
2050,74878,Tay Garnett
2051,1413504,Shyam Madiraju
2052,107725,Harmage Singh Kalirai
2053,1385666,Rita Merson
2054,10001,William Wyler
2055,51917,Larry Clark
2056,49555,Petter Næss
2057,1523137,Robert Fontaine
2058,1560279,Neil Mcenery-West
2059,1388653,Anthony O'Brien
2060,78021,Lloyd Kaufman
2061,78023,Michael Herz
2062,558929,David Robert Mitchell
2063,8482,Robert Mulligan
2064,26775,Liu Chia-Liang
2065,640,Chris Kentis
2066,642,Laura Lau
2067,78040,Alex Kendrick
2068,14875,Robert Rossen
2069,82413,Jack Conway
2070,1232592,Chris Eyre
2071,2746,Elia Kazan
2072,121873,Debra Granik
2073,37362,Henry King
2074,16860,Miranda July
2075,1257827,Max Joseph
2076,4429,Jim Jarmusch
2077,82579,Kevin Tenney
2078,56198,Ari Folman
2079,177532,Marielle Heller
2080,86662,David Sington
2081,56383,Kelly Reichardt
2082,89467,Bob Giraldi
2083,120246,Huck Botko
2084,120247,Andrew Gurland
2085,12640,David Duchovny
2086,57055,Mitchell Lichtenstein
2087,116653,Lance Mungia
2088,223909,Hue Rhodes
2089,1736589,Danny Provenzano
2090,1062889,Bill Muir
2091,114004,Noah Buschel
2092,27992,Brian Yuzna
2093,52856,Hunter Richards
2094,96222,Laurie Collyer
2095,1454563,Aaron Hann
2096,1454564,Mario Miscione
2097,82822,Phil Claydon
2098,88970,Ralph Ziman
2099,73112,John Simpson
2100,1310518,Colin Minihan
2101,1375066,Stuart Ortiz
2102,78545,Conor McMahon
2103,112289,Chris Shadley
2104,1253596,Simon Napier-Bell
2105,1070340,Simon Yin
2106,86037,Jeff Crook
2107,86038,Josh Crook
2108,40,Orson Welles
2109,30870,Dave Payne
2110,68574,Brad Copeland
2111,1031972,Paul Bunnell
2112,17246,Phil Morrison
2113,33542,Harald Reinl
2114,1018660,Tanner Beard
2115,1434686,Scott Dow
2116,33349,Derick Martini
2117,1378892,Jerry Dugan
2118,15858,Tim Hunter
2119,98103,Richard Ayoade
2120,115892,Jehane Noujaim
2121,1642,Jean-Marc Barr
2122,66022,Pascal Arnold
2123,1170143,Remo D'Souza
2124,1108711,John Laing
2125,121473,Jamal Hill
2126,120245,Daniel Stamm
2127,7348,Carlos Carrera
2128,223516,Benh Zeitlin
2129,18669,J. Lee Thompson
2130,94831,Maggie Greenwald
2131,21657,Vera Farmiga
2132,588015,Vijay Chandar
2133,196769,Jonathan Wacks
2134,115309,Khyentse Norbu
2135,41621,Tony Krantz
2136,94917,Mitchell Altieri
2137,1187609,W.D. Hogan
2138,1018699,Corey Grant
2139,51534,Lucky McKee
2140,115585,Richard Boddington
2141,88039,Steven R. Monroe
2142,942084,Mark Illsley
2143,1117026,Ritesh Batra
2144,57206,Sally Potter
2145,1156260,Brad J. Silverman
2146,54827,Dave Meyers
2147,155747,David M. Matthews
2148,53431,Nadine Labaki
2149,1346215,Lluís Quílez
2150,160,Eytan Fox
2151,231345,Romesh Sharma
2152,1650,François Truffaut
2153,6163,Adam Goldberg
2154,22239,Travis Zariwny
2155,66496,Adrienne Shelly
2156,70250,Newt Arnold
2157,31493,Alex Cox
2158,74907,Fabián Bielinsky
2159,1085923,Dror Moreh
2160,41670,Rebecca Miller
2161,1088647,Maggie Carey
2162,30458,Henry Bean
2163,1501366,Simeon Rice
2164,60074,Jeff Garlin
2165,550858,Qasim Basir
2166,70890,Adam Green
2167,13848,Charlie Chaplin
2168,285452,Pete Jones
2169,11357,Bruce Campbell
2170,76245,Adam Carolla
2171,76248,Kevin Hench
2172,55189,Bruce McDonald
2173,105313,James Mottern
2174,1288796,Gerard Johnstone
2175,51521,Robert Greenwald
2176,1375378,David Ray
2177,991853,David Rodriguez
2178,55520,Nae Caranfil
2179,52044,David Winning
2180,1002001,Frank Lotito
2181,1169157,Timothy Woodward Jr.
2182,61111,Tara Subkoff
2183,70076,Russell Friedenberg
2184,56208,Lucrecia Martel
2185,64114,Edward Dmytryk
2186,11011,Zak Penn
2187,474199,Alex Ranarivelo
2188,80013,Trevor Matthews
2189,8789,Mathieu Amalric
2190,22012,David Worth
2191,86293,Robert M. Young
2192,884,Steve Buscemi
2193,143430,Ham Tran
2194,39822,Rich Cowan
2195,1024216,Boris Rodriguez
2196,1372345,Sadyk Sher-Niyaz
2197,144430,Paul Donovan
2198,1109245,Digby Cook
2199,557818,Jonathan Kesselman
2200,631226,Arjun Sablok
2201,971918,Tyler Oliver
2202,90525,Douglas Cheek
2203,133790,Michael D. Olmos
2204,932013,Deryck Broom
2205,37360,Henry Hathaway
2206,1504620,Giovanni Zelko
2207,1200528,Claudia Sainte-Luce
2208,59466,Jamie Babbit
2209,55441,David Boyd
2210,550280,Anna Muylaert
2211,440517,Steve Taylor
2212,233519,James David Pasternak
2213,128712,Laurent Bouhnik
2214,1499089,Tom Sanchez
2215,108497,David Caffrey
2216,66514,Adam Jay Epstein
2217,66517,Andrew Jacobson
2218,1041549,Justin Thomas Ostensen
2219,15531,Ossie Davis
2220,204325,Jay Alaimo
2221,479587,Dylan Bank
2222,52941,Rob McKittrick
2223,31621,Jeff Burr
2224,97579,Guy Maddin
2225,93916,Regardt van den Bergh
2226,1044250,Panos Cosmatos
2227,142013,Gareth Evans
2228,24528,Matthew R. Anderson
2229,92490,Edward Conna
2230,1184745,Joe Marino
2231,97591,Joel Anderson
2232,76447,Shimit Amin
2233,12112,Douglas Trumbull
2234,1280031,Mona Lerche
2235,86688,Levan Gabriadze
2236,999812,Bradley Parker
2237,31211,Clive Barker
2238,937340,Harold Cronk
2239,50651,Takao Okawara
2240,7426,Duncan Tucker
2241,4590,Russ Meyer
2242,89216,Robert D. Webb
2243,93905,Allan Dwan
2244,1521130,Andrew Steggall
2245,168330,Ben Lewin
2246,95687,Robert Kenner
2247,930212,Jon Erwin 
2248,303056,Craig Johnson
2249,527607,Sean Durkin
2250,1284099,Gillian Robespierre
2251,64131,Courtney Hunt
2252,228643,Morgan Neville
2253,74589,Chris Paine
2254,88967,Greg Berlanti
2255,82286,Marc Levin
2256,114925,Richard Dutcher
2257,224751,Khalid Mohammed
2258,1193602,Gia Coppola
2259,91602,Scandar Copti
2260,91603,Yaron Shani
2261,74272,Goran Dukic
2262,45459,Mike Cahill
2263,88832,Kyle Rankin
2264,998842,Efram Potelle
2265,53296,Joshua Oppenheimer
2266,1349420,Christine Cynn
2267,1710652,Anonymous
2268,4339,Paul Crowder
2269,150347,John Dower
2270,1867383,Rohit Jagessar
2271,1182832,Anthony Powell
2272,129921,Kief Davidson
2273,240740,Daniel Junge
2274,1023720,Johnny Remo
2275,126763,Vivek Agnihotri
2276,101542,Ti West
2277,550681,Nick Tomnay
2278,137392,Nickolas Perry
2279,158480,Dan Zukovic
2280,939176,Becky Smith
2281,103031,Eric Nicholas
2282,101810,Benjamin Dickinson
2283,75919,Hal Haberman
2284,75920,Jeremy Passmore
2285,11805,Frank Whaley
2286,56375,Amat Escalante
2287,84515,Katherine Brooks
2288,212,David Cross
2289,92834,Randall Rubin
2290,92837,Jon Schroder
2291,194915,Robert Bennett
2292,568822,Mary Pat Kelly
2293,15309,Lori Petty
2294,1467662,Charlie Levi
2295,115627,Kevin Hamedani
2296,97618,David DeCoteau
2297,1012105,Mikel Rueda
2298,227945,Stefan C. Schaefer
2299,87360,Michael Taliferro
2300,221944,Katie Aselton
2301,145045,Robert Heath
2302,146026,D. Stevens
2303,1196522,Jeffrey St. Jules
2304,82101,Robert Hall
2305,1188585,Kevin King
2306,985146,Jonathan Meyers
2307,16888,Ralph Nelson
2308,1191051,Blair Erickson
2309,54781,Allison Burnett
2310,76462,Richard Schenkman
2311,1341629,Sanjay Rawal
2312,939123,Kat Coiro
2313,20657,Cristian Mungiu
2314,146275,Joseph Graham
2315,1208166,Brian Dorton
2316,1223224,Lee Matthews
2317,1577521,Manuel Marín
2318,549971,Maryam Keshavarz
2319,1085904,Ramaa Mosley
2320,150003,Graham Heid
2321,160942,Norman Wright
2322,69737,C. Jay Cox
2323,1124971,Mariette Monpierre
2324,1150712,Tommy Oliver
2325,930629,Jamie Travis
2326,122842,Rich Christiano
2327,1517664,Natalie Bible'
2328,229931,Asghar Farhadi
2329,222098,Justin Molotnikov
2330,13899,G.W. Pabst
2331,1018728,Jorge Gaggero
2332,42952,Michael Burke
2333,210562,Catherine Jelski
2334,168349,Shane Dawson
2335,63477,Ryan Little
2336,554900,Clark Baker
2337,74339,Dave Willis
2338,74341,Matt Maiellaro
2339,137467,Ben Wheatley
2340,74436,Olly Blackburn
2341,113682,Christopher Hutson
2342,23590,David LaChapelle
2343,544748,Caryn Waechter
2344,1058257,Emily Dell
2345,131455,Valerie Red-Horse
2346,1384771,Jennifer Wynne Farmer
2347,93133,Christopher Scott Cherot
2348,688807,H.M. Coakley
2349,1140160,Randy Moore
2350,1122434,Chris Atkins
2351,948217,Bill Benenson
2352,1100753,Ryan Smith
2353,1110059,Travis Romero
2354,62773,Anna Mastro
2355,30165,Mark Sandrich
2356,26849,Daniel Myrick
2357,26850,Eduardo Sánchez
2358,57885,Michael Wadleigh
2359,1164825,Gene Teigland
2360,43439,Scott Ziehl
2361,57414,Richard Montoya
2362,1424432,Johanna Schwartz
2363,231431,Thomas Lilti
2364,185995,Michael Walker
2365,232190,U. Roberto Romano
2366,21371,Amy Holden Jones
2367,1380244,Blaž Završnik
2368,7324,Pan Nalin
2369,94787,Joe Camp
2370,59841,Matt Walsh
2371,97966,John 'Bud' Cardos
2372,229374,Marilyn Agrelo
2373,125637,Brian Baugh
2374,116330,Patrick Creadon
2375,57328,Barry W. Blaustein
2376,288712,Kurt Hale
2377,77273,Siddiq Barmak
2378,656971,Joseph Dorman
2379,17042,Greg Harrison
2380,72034,Jacob Aaron Estes
2381,68185,Eric Schaeffer
2382,105882,Neema Barnette
2383,40863,Joe Swanberg
2384,1115066,Molly Bernstein
2385,930701,Marius Markevicius
2386,6400,Tom DiCillo
2387,133398,Quentin Dupieux
2388,641437,Alex Smith
2389,1027145,Andrew J. Smith
2390,129894,Gareth Edwards
2391,132812,Jonathan Parker
2392,93022,Sol Tryon
2393,92287,Alex Craig Mann
2394,107168,Stephen Kijak
2395,139537,William Gazecki
2396,98541,Michael Hoffman Jr.
2397,1066308,Aaron T. Wells
2398,1184351,Georgia Hilton
2399,155945,Jack Heller
2400,1070682,Fernando Baez Mella
2401,1571422,Warren Sheppard
2402,1519326,Justin Paul Miller
2403,88506,Joel Paul Reisig
2404,1161761,Catherine Gund
2405,78481,Hans Canosa
2406,1291408,Matthew Watts
2407,21305,Lloyd Bacon
2408,6284,Kay Pollak
2409,582527,Eric England
2410,10707,Terry Jones
2411,1116801,Sue Corcoran
2412,17108,Jonathan Caouette
2413,1425142,Matt Jackson
2414,29433,Lucio Fulci
2415,82641,Paul Fox
2416,545261,Cassandra Nicolaou
2417,6648,Ingmar Bergman
2418,100036,D.W. Griffith
2419,63983,Roger Nygard
2420,145605,Harry Beaumont
2421,64211,Franck Khalfoun
2422,1414864,Mor Loushy
2423,82839,Henry Alex Rubin
2424,82840,Dana Adam Shapiro
2425,72543,Sam Firstenberg
2426,586066,Doug Block
2427,1557430,Chad Kapper
2428,146883,Paul Fierlinger
2429,146884,Sandra Fierlinger
2430,122423,Yorgos Lanthimos
2431,1110343,Lauren Lazin
2432,28902,Gregory Widen
2433,58547,Niall Johnson
2434,115226,Eric Mendelsohn
2435,3776,Jean-Luc Godard
2436,1046935,Kim Longinotto
2437,1139506,Florence Ayisi
2438,1043404,Michael Roemer
2439,112632,Eddie O'Flaherty
2440,125044,Babar Ahmed
2441,79726,John D. Hancock
2442,101377,Paul Bartel
2443,61983,Jason Marsden
2444,1301700,Bruce Dellis
2445,1708905,Pece Dingo
2446,1424519,Jerome Elston Scott
2447,1555903,Étienne Faure
2448,22423,Herb Freed
2449,65242,Jack Perez
2450,79434,Craig Zobel
2451,86035,Maria Maggenti
2452,109026,Piyush Dinker Pandya
2453,142513,Emma-Kate Croghan
2454,126125,Bill Plympton
2455,132964,Drake Doremus
2456,21404,Kurt Voss
2457,86262,Michael Kang
2458,930628,Lori Silverbush
2459,1194681,Michael Skolnik
2460,105239,Stuart Hazeldine
2461,85925,Hilary Brougher
2462,110876,Rachel Goldenberg
2463,21246,Corbin Bernsen
2464,92743,Jamin Winans
2465,582841,Tom Seidman 
2466,140086,Matt Cimber
2467,1331465,Andrew Hyatt
2468,1460398,Kristin Rizzo
2469,1155992,Zoran Lisinac
2470,1562428,James O'Brien
2471,1111709,Tom Putnam
2472,1111710,Brenna Sanchez
2473,193390,Jon Matthews
2474,558559,Al Silliman Jr.
2475,11558,Eugène Lourié
2476,116186,Lowell Sherman
2477,557883,David Evans 
2478,1201090,Sherman Alexie
2479,1553042,Justin Dillon
2480,151017,Stevan Mena
2481,1686666,Livingston Oden
2482,1686667,Taylor Scott Olson
2483,9956,Chris Marker
2484,11572,Carl Theodor Dreyer
2485,77775,Marianna Palka
2486,74105,Ricki Stern
2487,74106,Anne Sundberg
2488,15672,Nadia Tass
2489,1187357,James Kerwin
2490,1514634,Darren Press
2491,1514635,C. Fraser Press
2492,1330498,Rania Attieh
2493,1330499,Daniel Garcia
2494,1375627,Sharon Greytak
2495,110695,Majid Majidi
2496,586002,Andrew Haigh
2497,1288774,Cary Bell
2498,1476699,Nicolae Constantin Tanase
2499,135650,Melvin Van Peebles
2500,1677569,Ken Roht
2501,101515,Robinson Devor
2502,107447,Michel O. Scott
2503,88323,Pat Holden
2504,1562421,Eric Bugbee
2505,94011,Bill Melendez
2506,1456123,Dena Seidel
2507,1162816,Deborah Anderson
2508,1448550,Sara Newens
2509,1448551,Mina T. Son
2510,1343876,Sai Varadan
2511,90492,Lynn Shelton
2512,5892,David Hewlett
2513,77277,Nate Parker
2514,1314011,Nathan Smith Jones
2515,1401541,Travis Cluff
2516,1401542,Chris Lofing
2517,68750,Robert Townsend
2518,932993,Jamaa Fanaka
2519,88837,Larry Blamire
2520,99240,Stephen Langford
2521,84697,E.L. Katz
2522,1044256,Lisanne Pajot
2523,1044257,James Swirsky
2524,74626,Dan Reed
2525,114396,John Reinhardt
2526,1321304,Patrick Ryan Sims
2527,89981,László Benedek
2528,1645102,Jason Miller
2529,1184450,Sut Jhally
2530,87033,Julie Davis
2531,162102,Myles Berkowitz
2532,98094,Brett Piper
2533,64227,Brandon Trost
2534,1009253,Jason Trost
2535,110726,Joseph Green
2536,1366270,Wade Gasque
2537,90575,Daniel Schechter
2538,1144092,Matt Johnson
2539,69719,Bruno Barreto
2540,139135,Lena Dunham
2541,1434676,Terron R. Parsons
2542,1289580,Daniel Mellitz
2543,74971,Jem Cohen
2544,229182,Andrew Leman
2545,1168852,Dave Carroll
2546,125324,William Eubank
2547,220274,Patrick Meaney
2548,1031144,Chad Hartigan
2549,57997,Malcolm Goodwin
2550,85242,Kevin Jordan
2551,1429671,Kirk Loudon
2552,1263110,Travis Legge
2553,1360439,Collin Joseph Neal
2554,131388,Bradley Rust Gray
2555,558540,Mike Bruce
2556,40864,Andrew Bujalski
2557,1263945,Damir Catic
2558,237393,James Bidgood
2559,151092,Eric Eason
2560,1532382,Joseph Mazzella
2561,29922,Marcus Nispel
2562,1360240,Jim Chuchu
2563,131870,Daryl Wein
2564,1009255,Jason Trost
2565,120229,Jafar Panahi
2566,1310498,Ivan Kavanagh
2567,26882,Kiyoshi Kurosawa
2568,1398500,Tadeo Garcia
2569,1171387,Thomas L. Phillips
2570,77465,Ash Baron-Cohen
2571,76624,Shane Carruth
2572,1174437,Neill Dela Llana
2573,1174438,Ian Gamazon
2574,1219158,Scott Smith
2575,208138,Daniel Hsia
2576,85563,Brian Herzlinger
2577,997560,Brett Winn
