actor_id,actor_name
0,Sam Worthington
1,Zoe Saldana
2,Sigourney Weaver
3,Stephen Lang
4,Michelle Rodriguez
5,Giovanni Ribisi
6,Joel David Moore
7,CCH Pounder
8,Wes Studi
9,Laz Alonso
10,Dileep Rao
11,Matt Gerald
12,Sean Anthony Moran
13,Jason Whyte
14,Scott Lawrence
15,Kelly Kilgour
16,James Patrick Pitt
17,Sean Patrick Murphy
18,Peter Dillon
19,Kevin Dorman
20,Kelson Henderson
21,David Van Horn
22,Jacob Tomuri
23,Michael Blain-Rozgay
24,Jon Curry
25,Luke Hawker
26,Woody Schultz
27,Peter Mensah
28,Sonia Yee
29,Jahnel Curfman
30,Ilram Choi
31,Kyla Warren
32,Lisa Roumain
33,Debra Wilson
34,Chris Mala
35,Taylor Kibby
36,Jodie Landau
37,Julie Lamm
38,Cullen B. Madden
39,Joseph Brady Madden
40,Frankie Torres
41,Austin Wilson
42,Sara Wilson
43,Tamica Washington-Miller
44,Lucy Briant
45,Nathan Meister
46,Gerry Blair
47,Matthew Chamberlain
48,Paul Yates
49,Wray Wilson
50,James Gaylyn
51,Melvin Leno Clark III
52,Carvon Futrell
53,Brandon Jelkes
54,Micah Moch
55,Hanniyah Muhammad
56,Christopher Nolen
57,Christa Oliver
58,April Marie Thomas
59,Bravita A. Threatt
60,Colin Bleasdale
61,Mike Bodnar
62,Matt Clayton
63,Nicole Dionne
64,Jamie Harrison
65,Allan Henry
66,Anthony Ingruber
67,Ashley Jeffery
68,Dean Knowsley
69,Joseph Mika-Hunt
70,Terry Notary
71,Kai Pantano
72,Logan Pithyou
73,Stuart Pollock
74,Raja
75,Gareth Ruck
76,Rhian Sheehan
77,T. J. Storm
78,Jodie Taylor
79,Alicia Vela-Bailey
80,Richard Whiteside
81,Nikie Zambo
82,Julene Renee
83,Johnny Depp
84,Orlando Bloom
85,Keira Knightley
86,Stellan Skarsgård
87,Chow Yun-fat
88,Bill Nighy
89,Geoffrey Rush
90,Jack Davenport
91,Kevin McNally
92,Tom Hollander
93,Naomie Harris
94,Jonathan Pryce
95,Keith Richards
96,Lee Arenberg
97,Mackenzie Crook
98,Greg Ellis
99,David Bailie
100,Martin Klebba
101,David Schofield
102,Lauren Maher
103,Vanessa Branch
104,Angus Barnett
105,Giles New
106,Reggie Lee
107,Dominic Scott Kay
108,Takayo Fischer
109,David Meunier
110,Ho-Kwan Tse
111,Andy Beckwith
112,Peter Donald Badalamenti II
113,Christopher S. Capp
114,Hakeem Kae-Kazim
115,Ghassan Massoud
116,Daniel Craig
117,Christoph Waltz
118,Léa Seydoux
119,Ralph Fiennes
120,Monica Bellucci
121,Ben Whishaw
122,Dave Bautista
123,Andrew Scott
124,Rory Kinnear
125,Jesper Christensen
126,Alessandro Cremona
127,Stephanie Sigman
128,Tenoch Huerta
129,Adriana Paz
130,Domenico Fortunato
131,Marco Zingaro
132,Stefano Elfi DiClaudia
133,Ian Bonar
134,Tam Williams
135,Richard Banham
136,Pip Carter
137,Simon Lenagan
138,Alessandro Bressanello
139,Marc Zinga
140,Brigitte Millar
141,Adel Bencherif
142,Gediminas Adomaitis
143,Peppe Lanzetta
144,Francesco Arca
145,Matteo Taranto
146,Emilio Aniba
147,Benito Sagredo
148,Dai Tabuchi
149,George Lasha
150,Sargon Yelda
151,Andy Cheung
152,Erick Hayden
153,Oleg Mirochnikov
154,Antonio Salines
155,Miloud Mourad Benamara
156,Gido Schimanski
157,Nigel Barber
158,Patrice Naiambana
159,Stephane Cornicard
160,Gary Fannin
161,Sadao Ueda
162,Phillip Law
163,Wai Wong
164,Joseph Balderrama
165,Eiji Mihara
166,Junichi Kajioka
167,Victor Schefé
168,Harald Windisch
169,Tristan Matthiae
170,Detlef Bothe
171,Bodo Friesecke
172,Wilhem Iben
173,Noemi Krausz
174,Noah Saavedra
175,Francis Attakpah
176,Michael Glantschnig
177,Marlon Boess
178,Marie Wohlmuth
179,Lili Epply
180,Konstantin Gerlach
181,Lara Parmiani
182,Umit Ulgen
183,Amra Mallassi
184,Ziad Abaza
185,Walid Mumuni
186,Derek Horsham
187,Nari Blair-Mangat
188,Michael White
189,Adam McGrady
190,Nader Dernaika
191,Pezhmaan Alinia
192,Judi Dench
193,Neve Gachev
194,Karl Farrer
195,Kim Adis
196,Maurisa Selene Coleman
197,Matija Mondi Matović
198,Christian Bale
199,Michael Caine
200,Gary Oldman
201,Anne Hathaway
202,Tom Hardy
203,Marion Cotillard
204,Joseph Gordon-Levitt
205,Morgan Freeman
206,Cillian Murphy
207,Juno Temple
208,Liam Neeson
209,Matthew Modine
210,Alon Aboutboul
211,Ben Mendelsohn
212,Nestor Carbonell
213,Josh Pence
214,Tom Conti
215,Joey King
216,Warren Brown
217,Daniel Sunjata
218,Sam Kennard
219,Aliash Tepina
220,Nick Julian
221,Miranda Nolan
222,Claire Julien
223,Aidan Gillen
224,Burn Gorman
225,Brett Cullen
226,Joseph Lyle Taylor
227,Chris Ellis
228,Duane Henry
229,James Harvey Ward
230,Gonzalo Menendez
231,Cameron Jack
232,Lex Daniel
233,Tyler Dean Flores
234,Thomas Lennon
235,Trevor White
236,Rob Brown
237,Fredric Lehne
238,Courtney Munch
239,Chris Hill
240,Travis Guba
241,Jay Benedict
242,Will Estes
243,David Dayan Fisher
244,Glen Powell
245,Russ Fega
246,Andres Perez-Molina
247,Brent Briscoe
248,John Nolan
249,Oliver Cotton
250,Mark Killeen
251,Sarah Goldberg
252,John MacMillan
253,Robert Wisdom
254,Ronnie Gene Blevins
255,John Hollingworth
256,Ian Bohen
257,Uri Gavriel
258,Noel Gugliemi
259,Hector Atreyu Ruiz
260,Patrick Cox
261,Aramis Knight
262,Josh Stewart
263,William Devane
264,David Gyasi
265,Patrick Jordan
266,Joshua Elijah Reese
267,Desmond Harrington
268,Mychael Bates
269,Tomas Arana
270,Peter Holden
271,David Monahan
272,Jillian Armenante
273,Aja Evans
274,Aldous Davidson
275,Wade Williams
276,Jake Canuso
277,Massi Furlan
278,Christopher Judge
279,Patrick Leahy
280,Todd Gearhart
281,Marc Abbink
282,Isiah Adams
283,Charlie Alejandro
284,Robert Arensen
285,Grant Babbitt
286,Fileena Bahris
287,Rick Bolander
288,Kyle Patrick Brennan
289,Scott Churchson
290,Bill Cowher
291,Graham Curry
292,Stephanie Domini Ehlert
293,John Farrer
294,Frank Fata
295,Christopher Bryan Gomez
296,Vito Grassi
297,Michael Wren Gucciardo
298,Sam Harris
299,Ed Heavey
300,John W. Iwanonkiw
301,Cindy Jackson
302,Daniel Jordano
303,William Kania
304,Tiffany Kemp
305,Sun Jae Kim
306,Hrvoje Klecz
307,Alex Kruz
308,Tyler La Marr
309,LeJon
310,Paul Jude Letersky
311,Joe Lipari
312,Silvia Lombardo
313,Jorge Mardel
314,Cale McConnell
315,David Dale McCue
316,Tiffany Sander McKenzie
317,Allen Merritt
318,Olan Montgomery
319,Alex Moore
320,Shane Nolan
321,Jackson Nunn
322,Joseph O'Brien
323,Michael Papajohn
324,Salomon Passariello
325,Kyle David Pierce
326,Troy Polamalu
327,Michael Power
328,James Rawlings
329,Kirsten Roeters
330,Ben Roethlisberger
331,Mark Roman
332,Anthony J. Sacco
333,Eric Salazar
334,Emily Schooley
335,Thomas Tull
336,Chris Vaina
337,Vincent van Ommen
338,Michelle Vezzani
339,Barbara Vincent
340,Justin Michael Woods
341,Jason Yee
342,Maria Zambrana
343,John Zion
344,Alex Ziwak
345,Tommy Bayiokos
346,Matthew Gooley
347,Jeff Moffitt
348,Mark Falvo
349,Diogo Hausen
350,Gary Sievers
351,Orion McCabe
352,London May
353,James Quinn
354,Daniel Newman
355,Taylor Kitsch
356,Lynn Collins
357,Samantha Morton
358,Willem Dafoe
359,Thomas Haden Church
360,Mark Strong
361,Ciarán Hinds
362,Dominic West
363,James Purefoy
364,Bryan Cranston
365,Polly Walker
366,Daryl Sabara
367,Arkie Reece
368,Davood Ghadami
369,Pippa Nixon
370,James Embree
371,Philip Philmar
372,Emily Tierney
373,Edmund Kente
374,Nicholas Woodeson
375,Kyle Agnew
376,Don Stark
377,Josh Daugherty
378,Jared Cyr
379,Christopher Goodman
380,Amanda Clayton
381,Joseph Billingiere
382,Tobey Maguire
383,Kirsten Dunst
384,James Franco
385,Topher Grace
386,Bryce Dallas Howard
387,Rosemary Harris
388,James Cromwell
389,J.K. Simmons
390,Theresa Russell
391,Dylan Baker
392,Bill Nunn
393,Elizabeth Banks
394,Ted Raimi
395,Perla Haney-Jardine
396,Cliff Robertson
397,Elya Baskin
398,Mageina Tovah
399,Joe Manganiello
400,Stan Lee
401,Bruce Campbell
402,Christopher Young
403,Grant Curtis
404,Daniel Gillies
405,John Paxton
406,Becky Ann Baker
407,Steve Valentine
408,Hal Fishman
409,Lucy Gordon
410,Toni Wynne
411,Andre B. Blake
412,Tim Maculan
413,Marc Vann
414,Joe Bays
415,Gregg Daniel
416,Rogelio T. Ramos
417,Timothy Patrick Quill
418,Kathryn Bryding
419,Joe Virzi
420,Bill E. Rogers
421,Michael Alexander
422,April Parker-Jones
423,Edward Padilla
424,Robert Curtis Brown
425,Paul Terrell Clayton
426,Carolyn Neff
427,Christina Cindrich
428,Sonya Maddox
429,Derrick 'Phoenix' Thomas
430,Jessi Collins
431,Michael McLaughlin
432,Anne Gartlan
433,Emilio Rivera
434,Keith Woulard
435,Reynaldo Gallegos
436,Jim Coope
437,Dean Edwards
438,Margaret Laney
439,Aimee Miles
440,Tanya Bond
441,Mark Kubr
442,Tony Besson
443,Ramon Adams
444,A.J. Adelman
445,Angelis Alexandris
446,Dawn Marie Anderson
447,Frank Anello
448,Anya Avaeva
449,David Backus
450,Tiffany L. Baker
451,Marc C. Cancassi
452,Sujeilee Candele
453,Michael Ciesla
454,Irina Costa
455,John Crann
456,Crystal Marie Denha
457,Amy V. Dewhurst
458,Paul Edney
459,Natalie Fabry
460,Keith Fausnaught
461,Amanda Florian
462,Brianna Leann Florian
463,Tiffany Ashley Florian
464,Shaun Patrick Flynn
465,Logan Fry
466,Kevin Fung
467,Tony Galtieri
468,Chuck Gerena
469,Brian Hopson
470,Claude Jay
471,Julie Jei
472,Andrew James Jones
473,Natalie Jones
474,Christopher Jude
475,Brittany Krall
476,Alyssa Lakota
477,Tia Latrell
478,Linda Lee
479,Pierangeli Llinas
480,Bernadette Lords
481,Sandrine Marlier
482,Laura McDavid
483,Natalie McNeil
484,Daniel Mignault
485,Martha Millan
486,Michele-Nanette Miller
487,Claudia Katz Minnick
488,Robert Myers
489,Jen Oda
490,Anjelia Pelay
491,Nick Poltoranin
492,Vanessa Reseland
493,La Rivers
494,Bria Roberts
495,Luis Rosa
496,Vanessa Ross
497,Brenna Roth
498,Shade Rupe
499,Arick Salmea
500,Eric Shackelford
501,Daniel Shafer
502,Abbey Skinner
503,Kristin Somo
504,Jennifer Sparks
505,Christopher Stadulis
506,Jimmy Star
507,Arne Starr
508,Liam Stone
509,Tajna Tanovic
510,Aija Terauda
511,Brigid Turner
512,Evelyn Vaccaro
513,Nick Vlassopoulos
514,Sincerely A. Ward
515,Silq Webster
516,Graig F. Weich
517,Fredrick Weiss
518,Jennifer Weston
519,Trenton Willey
520,Ray Wineteer
521,Zachary Levi
522,Mandy Moore
523,Donna Murphy
524,Ron Perlman
525,M.C. Gainey
526,Jeffrey Tambor
527,Brad Garrett
528,Paul F. Tompkins
529,Richard Kiel
530,Delaney Rose Stein
531,Nathan Greno
532,Byron Howard
533,Tim Mertens
534,Robert Downey Jr.
535,Chris Hemsworth
536,Mark Ruffalo
537,Chris Evans
538,Scarlett Johansson
539,Jeremy Renner
540,James Spader
541,Samuel L. Jackson
542,Don Cheadle
543,Aaron Taylor-Johnson
544,Elizabeth Olsen
545,Paul Bettany
546,Cobie Smulders
547,Anthony Mackie
548,Hayley Atwell
549,Idris Elba
550,Linda Cardellini
551,Claudia Kim
552,Thomas Kretschmann
553,Andy Serkis
554,Julie Delpy
555,Henry Goodman
556,Chris Luca
557,Brian Schaeffer
558,Dominique Provost-Chalkley
559,Isaac Andrews
560,Gareth Kieran Jones
561,Chan Woo Lim
562,Minhee Yeo
563,Bentley Kalu
564,Julian Bleach
565,Christopher Beasley
566,Vuyo Dabula
567,Nondumiso Tembe
568,Kabelo Thai
569,Lele Leowaba
570,Mandla Gaduka
571,Harriet Manamela
572,Beulah Hashe
573,Musca Kumalo
574,Mathapelo September
575,Antony Acheampong
576,Chioma Anyanwu
577,Ben Sakamoto
578,Imogen Poynton
579,Isabella Poynton
580,Ingvild Deila
581,Sunny Yeo
582,Namju Go
583,Mina Kweon
584,Earl T. Kim
585,Arthur Lee
586,Verity Hewlett
587,Michael Matovski
588,Alma Noce
589,Riccardo Richetta
590,Constanza Ruff
591,Monty Mclaren-Clark
592,Julia Krynke
593,Tony Christensen
594,Ian Kay
595,Barry Aird
596,Aaron Himelstein
597,Kerry Condon
598,Jaiden Stafford
599,Dilyana Bouklieva
600,Josh Brolin
601,Joti Nagra
602,Nick W. Nicholson
603,Daniel Westwood
604,Daniel Radcliffe
605,Rupert Grint
606,Emma Watson
607,Tom Felton
608,Michael Gambon
609,Jim Broadbent
610,Helena Bonham Carter
611,Robbie Coltrane
612,Maggie Smith
613,Alan Rickman
614,Timothy Spall
615,David Thewlis
616,Julie Walters
617,Matthew Lewis
618,Evanna Lynch
619,Bonnie Wright
620,Oliver Phelps
621,James Phelps
622,Mark Williams
623,Warwick Davis
624,Natalia Tena
625,Katie Leung
626,Dave Legeno
627,Geraldine Somerville
628,Helen McCrory
629,Freddie Stroma
630,David Bradley
631,Frank Dillane
632,Hero Fiennes-Tiffin
633,Gemma Jones
634,Afshan Azad
635,Shefali Chowdhury
636,Georgina Leonidas
637,Devon Murray
638,Anna Shaffer
639,Josh Herdman
640,Jamie Waylett
641,Scarlett Byrne
642,Jessie Cave
643,Louis Cordice
644,Alfie Enoch
645,Robert Knox
646,William Melling
647,Paul Ritter
648,Isabella Laughland
649,Ralph Ineson
650,Suzanne Toase
651,Rod Hunt
652,Elarica Gallacher
653,Ben Affleck
654,Henry Cavill
655,Gal Gadot
656,Amy Adams
657,Jesse Eisenberg
658,Diane Lane
659,Jeremy Irons
660,Laurence Fishburne
661,Holly Hunter
662,Scoot McNairy
663,Callan Mulvey
664,Tao Okamoto
665,Jena Malone
666,Brandon Spink
667,Lauren Cohan
668,Hugh Maguire
669,Michael Cassidy
670,Alan D. Purwin
671,Dan Amboyer
672,Rebecca Buller
673,Harry Lennix
674,Christina Wren
675,Jade Chynoweth
676,Chad Krowchuk
677,Kevin Costner
678,Ezra Miller
679,Patrick Wilson
680,Michael Shannon
681,Charlie Rose
682,Vikram Gandhi
683,Andrew Sullivan
684,Neil deGrasse Tyson
685,Jon Stewart
686,Soledad O'Brien
687,Erika R. Erickson
688,Dana Bash
689,Nancy Grace
690,Anderson Cooper
691,Brooke Baldwin
692,Carla Gugino
693,Jason Momoa
694,Joe Morton
695,Ray Fisher
696,Joseph Cranford
697,Emily Peterson
698,Jeffrey Dean Morgan
699,Sammi Rotibi
700,Hanna Dworkin
701,Tiffany L. Addison
702,Owais Ahmed
703,Anish Jethmalani
704,Tiffany Bedwell
705,Natalee Arteaga
706,Keith D. Gallagher
707,Jeff Dumas
708,Miriam Lee
709,Alicia Regan
710,Stephanie Koenig
711,Ripley Sobo
712,Richard Burden
713,Julius Tennon
714,Wunmi Mosaku
715,Dennis North
716,Kiff VandenHeuvel
717,Mason Heidger
718,Ahney Her
719,Kristine Cabanban
720,Sebastian Sozzi
721,Kent Shocknek
722,Ralph Lister
723,Sammy A. Publes
724,Jay R. Adams
725,David Midura
726,Jay Towers
727,Michael Ellison
728,Kirill Ostapenko
729,Rashontae Wawrzyniak
730,Tom Luginbill
731,Dave Pasch
732,Danny Mooney 
733,Henry Frost III
734,Nicole Forester
735,Debbie Stabenow
736,Milica Govich 
737,John Lepard
738,Sandra Love Aldridge
739,Graham W.J. Beal
740,Henri Franklin
741,Jonathan West
742,T.J. Martinelli
743,Chris Newman
744,Lulu Dahl
745,Sam Logan Khaleghi
746,Anne Marie Damman
747,Connie Craig
748,Henrietta Hermelin
749,Albert Valladares
750,David Paris
751,Abigail Kuklis
752,Greg Violand
753,Tiren Jhames
754,Steve Jasgur
755,Jonathan Stanley
756,Jesse Nagy
757,Duvale Murchison
758,Thomas J. Fentress
759,Coburn Goss
760,Jeff Hanlin
761,Gary A. Hecker
762,Robin Atkin Downes
763,Issac Ryan Brown
764,Barton Bund
765,Bailey Chase
766,Patrick O'Connor Cronin
767,Sonja Crosby
768,C.T. Fletcher
769,Ahman Green
770,Diana Gaitirira
771,Jalene Mack
772,Esodie Geiger
773,Nene Nwoko
774,Scott Edward Logan
775,Marcus Goddard
776,Cruz Gonzalez-Cadel
777,Alma Martinez
778,Sal Lopez
779,Marcel Shihadeh
780,Theo Bongani Ndyalvane
781,Satori Shakoor
782,Ele Bardha
783,Inder Kumar
784,Brandon Bautista
785,Laura Atwood
786,Debbie Scaletta
787,David Leach
788,Gordon Michaels
789,Brian Boland
790,Taras Los
791,Jason Hughley
792,Sidi Henderson
793,Meighan Gerachis
794,Nicole Santini
795,Axel Harney
796,Wayne E. Brown
797,Dante Briggins
798,Shannon Garnett
799,Lynch R. Travis
800,Carmen Gangale
801,Joe Cipriano
802,Will Blagrove
803,Marcelo Bem
804,Brandon Routh
805,Kevin Spacey
806,Kate Bosworth
807,James Marsden
808,Parker Posey
809,Frank Langella
810,Sam Huntington
811,Eva Marie Saint
812,Marlon Brando
813,Kal Penn
814,Tristan Lake Leabu
815,David Fabrizio
816,Ian Roberts
817,Vincent Stone
818,Jack Larson
819,Noel Neill
820,Keegan Joyce
821,Jordana Beatty
822,Olga Kurylenko
823,Mathieu Amalric
824,Giancarlo Giannini
825,Gemma Arterton
826,Jeffrey Wright
827,David Harbour
828,Anatole Taubman
829,Tim Pigott-Smith
830,Joaquín Cosio
831,Glenn Foster
832,Stana Katic
833,Lucrezia Lante della Rovere
834,Neil Jackson
835,Oona Chaplin
836,Rachel McDowall
837,Gustavo Nanez
838,Mark Wakeling
839,Sarah Hadland
840,David Decio
841,Aaron King
842,Alexandra Prusa
843,Brandon Jovanovich
844,Alexandre Krawetz
845,Fernando Guillén Cuervo
846,Jesús Ochoa
847,Simon Kassianides
848,Brendan O'Hea
849,Alex Norton
850,Dermot Keaney
851,Clive Ashborn
852,Christopher Adamson
853,Jonathan Linsley
854,John Boswall
855,Max Baker
856,Steve Speirs
857,Luke de Woolfson
858,Jonathan Kite
859,Armie Hammer
860,William Fichtner
861,James Badge Dale
862,Tom Wilkinson
863,Ruth Wilson
864,Barry Pepper
865,James Frain
866,Mason Cook
867,Matt O'Leary
868,Leon Rippy
869,Harry Treadaway
870,Damon Herriman
871,W. Earl Brown
872,Gil Birmingham
873,Saginaw Grant
874,Stephen Brodie
875,Matthew Page
876,Bryant Prince
877,JD Cullum
878,Timothy V. Murphy
879,Damon Carney
880,Kevin Wiggins
881,Chad Brummett
882,Robert Baker
883,Lew Temple
884,Stephen Root
885,Randy Oglesby
886,Brad Greenquist
887,Rance Howard
888,Leonard Earl Howze
889,Travis Hammer
890,Steve Corona
891,Jack Axelrod
892,Christopher Hagen
893,Freda Foh Shen
894,Margaret Bowman
895,Luz P. Mendez
896,Laina Loucks
897,Devon J. Adams
898,Desirae Anslover
899,Charlotte Cormier
900,Megan Pribyl
901,Briana Van Schuyver
902,Julie Stracener
903,Chad Randall
904,Jason E. Hill
905,Beth Bailey
906,Joanne Camp
907,Bob Rumnock
908,Tait Fletcher
909,Alex Knight
910,Argos MacCallum
911,Pokey Lafarge
912,Joey Glynn
913,Adam Hoskins
914,Ryan Koenig
915,Russell Crowe
916,Antje Traue
917,Christopher Meloni
918,Jadin Gould
919,Tahmoh Penikett
920,Ayelet Zurer
921,Richard Schiff
922,Dylan Sprayberry
923,Michael Kelly
924,Richard Cetrone
925,Mackenzie Gray
926,Julian Richings
927,Mary Black
928,Samantha Jo
929,David Lewis
930,Doug Abrahams
931,Brad Kelly
932,Alessandro Juliani
933,Jack Foley
934,Robert Gerdisch
935,Jacqueline Scislowski
936,Sean Campbell
937,Raj Lal
938,Ben Barnes
939,William Moseley
940,Anna Popplewell
941,Skandar Keynes
942,Georgie Henley
943,Sergio Castellitto
944,Alicia Borrachero
945,Peter Dinklage
946,Vincent Grass
947,Pierfrancesco Favino
948,Damián Alcázar
949,Simón Andreu
950,Predrag Bjelac
951,Shane Rangi
952,Cornell John
953,Ken Stott
954,Tilda Swinton
955,Eddie Izzard
956,Klára Issová
957,Tom Hiddleston
958,Clark Gregg
959,Gwyneth Paltrow
960,Jenny Agutter
961,Walter Perez
962,Powers Boothe
963,Arthur Darbinyan
964,Donald Li
965,Ashley Johnson
966,Harry Dean Stanton
967,Alicia Sixtos
968,Dieter Riesle
969,Jamie McShane
970,Jeff Wolfe
971,Jerzy Skolimowski
972,Maximiliano Hernández
973,Alexis Denisof
974,James Eckhouse
975,Enver Gjokaj
976,Damion Poitier
977,Tina Benko
978,Kirill Nikiforov
979,M'laah Kaur Singh
980,Rashmi Rustagi
981,Warren Kole
982,Jesse Garcia
983,Kenneth Tigar
984,Josh Cowdery
985,Katsumi Komatsu
986,Yumiko Komatsu
987,Momoko Komatsu
988,Robert Clohessy
989,Fernanda Toker
990,Andrea Vecchio
991,Robin Swoboda
992,Brent McGee
993,Michael Zhang
994,William-Christopher Stephens
995,Kelley Robins
996,Romy Rosemont
997,Pat Kiernan
998,Thomas Roberts
999,Jillian Morgese
1000,Catherine Anderson
1001,Ricardo Andres
1002,Logan Bennett
1003,Mayank Bhatter
1004,Sharita Bone
1005,Jason Botsford
1006,Mary Kate Campbell
1007,Gene N. Chavez
1008,Layla Cushman
1009,Robert Dean
1010,Rick Dremann
1011,Jeffrey Feingold
1012,Lou Ferrigno
1013,Rod Fielder
1014,Eric Frank
1015,Israel Hall
1016,Carmen Dee Harris
1017,Alexander Christopher Jones
1018,Mike Karban
1019,Demoine Kinney
1020,Andrew Knode
1021,Annette Lawless
1022,Kimberly J. Mahoney
1023,Todd Manes
1024,Michael McMillan
1025,Sean Meehan
1026,Holly Neelie
1027,Caleb Daniel Noal
1028,Jeremy Orr
1029,Nate Paige
1030,Martin Palmer
1031,Maria Perossa
1032,Caleb Pieplow
1033,Alexander Daniel Pimentel
1034,Frank Powers
1035,Jaime Powers
1036,Brent Reichert
1037,Kelly Ruble
1038,Gina Sarno
1039,Robert B. Schneider IV
1040,Jeff Seich
1041,Christina Shaffer
1042,Alonda Shevette
1043,Douglas Slygh
1044,Colin Strause
1045,Robert P. Thitoff
1046,George Thomas
1047,Shane Thompson
1048,Jerry Lee Tucker
1049,Tai Urban
1050,Sandra Weston
1051,Seth Zielicke
1052,Alex DeCourville
1053,Andrea-Nichole Olivas
1054,Tina Grimm
1055,Penélope Cruz
1056,Ian McShane
1057,Sam Claflin
1058,Astrid Bergès-Frisbey
1059,Stephen Graham
1060,Damian O'Hare
1061,Óscar Jaenada
1062,Richard Griffiths
1063,Gemma Ward
1064,Ian Mercer
1065,Robbie Kay
1066,Christopher Fairbank
1067,Yuki Matsuzaki
1068,Steve Evets
1069,Bronson Webb
1070,Derek Mears
1071,Deobia Oparei
1072,Sebastian Armesto
1073,Anton Lesser
1074,Roger Allam
1075,Paul Bazely
1076,Richard Thomson
1077,Danny Le Boyer
1078,Alan J. Utley-Moore
1079,Luke Roberts
1080,Emilia Jones
1081,Sanya Hughes
1082,Siegfried Peters
1083,Will Smith
1084,Tommy Lee Jones
1085,Michael Stuhlbarg
1086,Emma Thompson
1087,Jemaine Clement
1088,Nicole Scherzinger
1089,Alice Eve
1090,Bill Hader
1091,Michael Chernus
1092,David Rasche
1093,Keone Young
1094,Cayen Martin
1095,Mike Colter
1096,Mela Hudson
1097,Will Arnett
1098,Kelvin Davis
1099,Dan Bittner
1100,Martin Freeman
1101,Ian McKellen
1102,Richard Armitage
1103,Graham McTavish
1104,William Kircher
1105,James Nesbitt
1106,Stephen Hunter
1107,Dean O'Gorman
1108,Aidan Turner
1109,John Callen
1110,Peter Hambleton
1111,Jed Brophy
1112,Mark Hadlow
1113,Adam Brown
1114,Evangeline Lilly
1115,Lee Pace
1116,Cate Blanchett
1117,Hugo Weaving
1118,Christopher Lee
1119,Ian Holm
1120,Mikael Persbrandt
1121,Sylvester McCoy
1122,Luke Evans
1123,Stephen Fry
1124,John Bell
1125,Ryan Gage
1126,Peggy Nesbitt
1127,Mary Nesbitt
1128,Manu Bennett
1129,John Tui
1130,Billy Connolly
1131,Benedict Cumberbatch
1132,Sarah Peirse
1133,Nick Blake
1134,Simon London
1135,Conan Stevens
1136,Allan Smith
1137,Miranda Harcourt
1138,Thomasin McKenzie
1139,Andrew Garfield
1140,Emma Stone
1141,Rhys Ifans
1142,Denis Leary
1143,Campbell Scott
1144,Irrfan Khan
1145,Martin Sheen
1146,Sally Field
1147,Max Charles
1148,Chris Zylka
1149,Embeth Davidtz
1150,Leif Gantvoort
1151,Hannah Marks
1152,Kelsey Asbille
1153,C. Thomas Howell
1154,Michael Massee
1155,Kari Coleman
1156,Charlie DePew
1157,Skyler Gisondo
1158,Jacob Rodier
1159,Jake Keiffer
1160,Kevin McCorkle
1161,Barbara Eve Harris
1162,Danielle Burgio
1163,Michael Barra
1164,Andy Pessoa
1165,Andy Gladbach
1166,Ring Hendricks-Tellefsen
1167,Tom Waite
1168,Keith Campbell
1169,Steve DeCastro
1170,James Chen
1171,Alexander Bedria
1172,John Burke
1173,Jill Flint
1174,Mark Daugherty
1175,Milton González
1176,Vincent Laresca
1177,Damien Lemon
1178,Ty Upshaw
1179,Tia Texada
1180,Jay Caputo
1181,Terry Bozeman
1182,Jennifer Lyons
1183,Amber Stevens
1184,Zoey Deutch
1185,Jody Cosgrove-Kao
1186,Max Bogner
1187,Ethan Cohn
1188,Miles Elliot
1189,Miranda LaDawn Hill
1190,Amanda MacDonald
1191,Maury Morgan
1192,Amy Novondo
1193,Kristin Quick
1194,Max von Sydow
1195,William Hurt
1196,Oscar Isaac
1197,Danny Huston
1198,Eileen Atkins
1199,Mark Addy
1200,Matthew Macfadyen
1201,Kevin Durand
1202,Scott Grimes
1203,Alan Doyle
1204,Douglas Hodge
1205,Jonathan Zaccaï
1206,Robert Pugh
1207,Gerard McSorley
1208,Velibor Topic
1209,Ciaran Flynn
1210,Simon McBurney
1211,Mark Lewis Jones
1212,Denis Ménochet
1213,Ruby Bentall
1214,Jessica Raine
1215,John Nicholas
1216,Roy Holder
1217,Denise Gough
1218,Arthur Darvill
1219,Giannina Facio
1220,Jake Curran
1221,Stephen Colbert
1222,Ben Mitchell
1223,Dakota Blue Richards
1224,Nicole Kidman
1225,Sam Elliott
1226,Eva Green
1227,Freddie Highmore
1228,Ben Walker
1229,Kristin Scott Thomas
1230,Kathy Bates
1231,Jim Carter
1232,Tom Courtenay
1233,Jack Shepherd
1234,Magda Szubanski
1235,Derek Jacobi
1236,Clare Higgins
1237,Charlie Rowe
1238,Steven Loton
1239,Michael Antoniou
1240,Mark Mottram
1241,Hattie Morahan
1242,Jason Watkins
1243,Sam Hoare
1244,Brian Nickels
1245,Thomas Arnold
1246,Helen Soraya
1247,Naomi Watts
1248,Jack Black
1249,Adrien Brody
1250,Colin Hanks
1251,Evan Parke
1252,Jamie Bell
1253,Lobo Chan
1254,John Sumner
1255,Craig Hall
1256,Kyle Chandler
1257,William Johnson
1258,David Pittu
1259,Geraldine Brophy
1260,David Dennis
1261,Pip Mushin
1262,Jim Knobeloch
1263,Ric Herbert
1264,Lee Donahue
1265,Tom Hobbs
1266,Tiriel Mora
1267,John Wraight
1268,William Wallace
1269,Frank Edwards
1270,Crawford Thomson
1271,Richard Kavanagh
1272,Stephen Hall
1273,Joe Folau
1274,Chic Littlewood
1275,Samuel Taylor
1276,Kate Winslet
1277,Leonardo DiCaprio
1278,Frances Fisher
1279,Billy Zane
1280,Gloria Stuart
1281,Bill Paxton
1282,Bernard Hill
1283,David Warner
1284,Victor Garber
1285,Jonathan Hyde
1286,Suzy Amis
1287,Lewis Abernathy
1288,Nicholas Cascone
1289,Danny Nucci
1290,Jason Barry
1291,Lew Palter
1292,Eric Braeden
1293,Bernard Fox
1294,Ewan Stewart
1295,Ioan Gruffudd
1296,Jonny Phillips
1297,Edward Fletcher
1298,Scott G. Anderson
1299,Martin East
1300,Gregory Cooke
1301,Alexandrea Owens
1302,Seth Adkins
1303,Michael Ensign
1304,Anatoly M. Sagalevitch
1305,Martin Hub
1306,Mark Lindsay Chapman
1307,Richard Graham
1308,Paul Brightwell
1309,Ron Donachie
1310,Charlotte Chatton
1311,Fannie Brett
1312,Jenette Goldstein
1313,Camilla Overbye Roos
1314,Linda Kerns
1315,Amy Gaipa
1316,Martin Jarvis
1317,Rosalind Ayres
1318,Rochelle Rose
1319,Jonathan Evans-Jones
1320,Brian Walsh
1321,Rocky Taylor
1322,Craig Kelly
1323,Liam Tuohy
1324,Simon Crane
1325,James Lancaster
1326,Elsa Raven
1327,Reece P. Thompson III
1328,Laramie Landis
1329,Mark Rafael Truitt
1330,John Walcutt
1331,Terry Forrestal
1332,Derek Lea
1333,Richard Ashton
1334,Sean Nepita
1335,Brendan Connolly
1336,David Cronnelly
1337,Garth Wilton
1338,Richard Fox
1339,Nick Meaney
1340,Kevin Owers
1341,Mark Capri
1342,Marc Cass
1343,Paul Herbert
1344,Emmett James
1345,Chris Byrne
1346,Oliver Page
1347,James Garrett
1348,Erik Holland
1349,Jari Kinnunen
1350,Anders Falk
1351,Barry Dennen
1352,Vern Urich
1353,Rebecca Klingler
1354,Tricia O'Neil
1355,Kathleen S. Dunn
1356,Romeo Francis
1357,Mandana Marino
1358,Van Ling
1359,Bjørn Olsen
1360,Dan Pettersson
1361,Shay Duffin
1362,Diana Morgan
1363,Kris Andersson
1364,Bobbie Bates
1365,Aaron James Cash
1366,Anne Fletcher
1367,Edmond Alan Forsyth
1368,Andie Hicks
1369,Scott Hislop
1370,Stan Mazin
1371,Lisa Ratzin
1372,Brian Baines
1373,Ellie Bensinger
1374,Alexandra Boyd
1375,Mike Butters
1376,James Cameron
1377,Bruno Campolo
1378,Chris Cragnotti
1379,Kevyn Currie
1380,Kevin De La Noy
1381,Thomas Fiss
1382,Griffin Howell
1383,Sean Howse
1384,Tony Kenny
1385,Bret Aaron Knower
1386,George Kosty III
1387,George Kosty Jr.
1388,Geoffrey C. Kosty
1389,Gregory Charles Kosty
1390,Sean Lawlor
1391,John Leonhardt
1392,Miguel A. Lomelin
1393,Don Lynch
1394,Johnny Martin
1395,Ryan McClurkin
1396,Meghan McLeod
1397,Mike O'Neal
1398,Julian Oros
1399,Phil Parlapiano
1400,Judy Prestininzi
1401,Steven Quale
1402,Olivia Rosewood
1403,John Slade
1404,Stephen Wolfe Smith
1405,R. Gern Trowbridge
1406,Francisco Váldez
1407,Lucie Zolcerova
1408,Sebastian Stan
1409,Chadwick Boseman
1410,Paul Rudd
1411,Emily VanCamp
1412,Tom Holland
1413,Frank Grillo
1414,Daniel Brühl
1415,John Slattery
1416,Marisa Tomei
1417,John Kani
1418,Hope Davis
1419,Gene Farber
1420,Florence Kasumba
1421,Alfre Woodard
1422,Jim Rash
1423,Joe Russo
1424,Michael A. Cook
1425,Laughton Parchment
1426,Jackson Spidell
1427,Yi Long
1428,Heidi Moneymaker
1429,Aaron Toney
1430,Cale Schultz
1431,Ann Russo
1432,Sven Hönig
1433,Joshua Peck
1434,Be Satrazemis
1435,Blair Jasin
1436,Oli Bigalke
1437,Rafael Banasik
1438,David de Vries
1439,John Curran
1440,Katie Amess
1441,Austin Sanders
1442,Brett Gentile
1443,Matthew Anderson
1444,Andrew Botchwey
1445,Chase Bradfield
1446,Ernest Charles
1447,Hendricks Coates
1448,Ethan Condon
1449,Shen Dynes
1450,Nathaniel Ellis
1451,Jariah Ferguson
1452,Evan Ffrench
1453,Justin Freeman
1454,Ralphael Grand'Pierre
1455,Julian Grimes
1456,Aaron Hayes
1457,Austin Hooper
1458,Amiri Jones
1459,Myles Joseph
1460,Stephen Lewis
1461,Jacob Ludwick
1462,D'Mahrei McRae
1463,Ashwin Mudaliar
1464,Eli Ollinger
1465,Parker Pape
1466,Daniel Parada
1467,Jonah Ruffin
1468,Darryl Sampson
1469,Cameron Sardone
1470,Stanley Sellers
1471,Miles Selles
1472,Jacob Sung
1473,Caden Wilkinson
1474,Kim Scar
1475,Jessica Walther-Gabory
1476,Beniamino Brogi
1477,Silvina Buchbauer
1478,Henry Amadi
1479,Ugochukwu Ani
1480,Michael Anthony Rogers
1481,Umar Khan
1482,David Brown
1483,Guy Fernandez
1484,Sophia Russo
1485,Amelia Morck
1486,Julianna Guill
1487,Surely Alvelo
1488,Kevin LaRosa Jr.
1489,Al Cerullo
1490,Frédéric North
1491,Ray Sahetapy
1492,Alexander Skarsgård
1493,Rihanna
1494,Brooklyn Decker
1495,Tadanobu Asano
1496,Gregory D. Gadson
1497,Hamish Linklater
1498,Jesse Plemons
1499,Jerry Ferrara
1500,David Jensen
1501,Peter Berg
1502,Adam Godley
1503,Rico McClinton
1504,Joji Yoshida
1505,Stephen Bishop
1506,Austin Naulty
1507,Dustin J. Reno
1508,Rick Hoffman
1509,Gary Grubbs
1510,Rami Malek
1511,Peter MacNicol
1512,Louis Lombardi
1513,Jordan Kirkwood
1514,Doug Penty
1515,Carson Aune
1516,Lloyd Pitts
1517,Michelle Arthur
1518,Natalia Castellanos
1519,Leni Ito
1520,Jackie Johnson
1521,Kerry Cahill
1522,Norman Vincent McLafferty
1523,Dante Jimenez
1524,Daven Arce
1525,Ralph Richardson
1526,Biunca Love
1527,Kyle Russell Clements
1528,Yutaka Takeuchi
1529,John A Weaver
1530,Dane Justman
1531,Drew Rausch
1532,Bill Stinchcomb
1533,Chris Pratt
1534,Vincent D'Onofrio
1535,Nick Robinson
1536,Ty Simpkins
1537,Jake Johnson
1538,Omar Sy
1539,BD Wong
1540,Judy Greer
1541,Lauren Lapkus
1542,Brian Tee
1543,Katie McGrath
1544,Andy Buckley
1545,Eric Edelstein
1546,Jimmy Fallon
1547,James DuMont
1548,Matt Burke
1549,Anna Talakkottur
1550,Colin Trevorrow
1551,Courtney J. Clark
1552,Kelly Washington
1553,Matthew Cardarople
1554,Yvonne Angulo
1555,Chloe Perrin
1556,Erika Erica
1557,Tiffany Forest
1558,Javier Bardem
1559,Bérénice Marlohe
1560,Albert Finney
1561,Ola Rapace
1562,Bill Buckhurst
1563,Elize du Toit
1564,Tonia Sotiropoulou
1565,Wolf Blitzer
1566,Jens Hultén
1567,Anthony O'Donnell
1568,Jo Cameron Brown
1569,Peter Basham
1570,Ben Loyd-Holmes
1571,Orion Lee
1572,Yennis Cheung
1573,Alfred Molina
1574,Scott Spiegel
1575,Joel McHale
1576,Hal Sparks
1577,Donnell Rawlings
1578,Emily Deschanel
1579,Daniel Dae Kim
1580,Aasif Mandvi
1581,Joey Diaz
1582,Vanessa Ferlito
1583,Joy Bryant
1584,John Landis
1585,Phil LaMarr
1586,Gregg Edelman
1587,Christine Estabrook
1588,Joanne Baron
1589,Peter McRobbie
1590,Marc John Jefferies
1591,Reed Diamond
1592,Brendan Patrick Connor
1593,Dan Callahan
1594,Susie Park
1595,Brianna Brown
1596,Tom Carey
1597,Dan Hicks
1598,Tony Campisi
1599,Molly Cheek
1600,Kelly Connell
1601,Roshon Fegan
1602,Taylor Gilbert
1603,Timothy Jerome
1604,Elyse Dinh
1605,Anne Betancourt
1606,Tricia Peters
1607,Tim Storms
1608,Bill Calvert
1609,Peter Allas
1610,Chloe Dykstra
1611,Julia Max
1612,Calvin Dean
1613,Frank Bonsangue
1614,Andre M. Johnson
1615,Peter Cincotti
1616,Peyton List
1617,Spencer List
1618,Troy Metcalf
1619,Scott Ross
1620,Bonnie Somerville
1621,Wesley Volcy
1622,Lou Volpe
1623,David Boston
1624,Garrett Warren
1625,Michael Arthur
1626,Cindy Cheung
1627,Guy Pearce
1628,Rebecca Hall
1629,Jon Favreau
1630,Ben Kingsley
1631,Stephanie Szostak
1632,William Sadler
1633,Dale Dickey
1634,Miguel Ferrer
1635,Wang Xue-qi
1636,Shaun Toub
1637,Matthew Sterling Nye
1638,Josh Elliott
1639,Megan Henderson
1640,Bill Maher
1641,Joan Rivers
1642,George Kotsiopoulos
1643,Bronte D'Esposito
1644,Noah Visconti
1645,Ashley Hamilton
1646,Brooke Jayne Taylor
1647,Kim Dean
1648,Anthony Reynolds
1649,Kendrick Cross
1650,Tom Clark
1651,John Eddins
1652,Spencer Garrett
1653,Rockey Dickey Jr.
1654,Drew Michael Hershner
1655,Sarah Burkhardt
1656,Jan Broberg
1657,Andrew Lauer
1658,Nate Bynum
1659,Andrew Lander
1660,Tom Virtue
1661,Roy McCrerey
1662,Serdar Kalsin
1663,Demetrois Hodges
1664,Bobby Tisdale
1665,Yvonne Zima
1666,Adam Pally
1667,James Rackley
1668,Cullen Moss
1669,Jake Dewitt
1670,Rebecca Mader
1671,Kevin Arnold
1672,Juan C. Bofill
1673,David Buglione
1674,Adam Lytle
1675,Paul Andrew O'Connor
1676,Phil Ortiz
1677,Gwendalyn Barker
1678,Steve Wilder
1679,Luciana Faulhaber
1680,Karina Florez
1681,Mike Massa
1682,Si-Fu Eric Oram
1683,Naomi Parshin
1684,Aurelia Riley
1685,Johanna Yunda
1686,Wesley Thompson
1687,Jenna Ortega
1688,T. C. Anyachonkeya
1689,Chad Kurtz
1690,Cal Johnson
1691,Corey Hawkins
1692,Linden Ashby
1693,Sarah Farooqui
1694,Sala Baker
1695,Kial Butler
1696,Nick Brandon
1697,Dan Brown
1698,Fernando Chien
1699,Brycen Counts
1700,Kiante Elam
1701,Dane Farwell
1702,Mark Fichera
1703,Colin Follenweider
1704,Aja Frary
1705,Mark Ginther
1706,Adrian Gonzalez
1707,Dennis Keiffer
1708,Samuel Le
1709,Tara Macken
1710,William Morts
1711,Jade Quon
1712,J. C. Robaina
1713,Markos Rounthwaite
1714,Philip J Silvera
1715,Brian Simpson
1716,Mark Aaron Wagner
1717,Chris Gethard
1718,Bridger Zadina
1719,Mia Wasikowska
1720,Crispin Glover
1721,Marton Csokas
1722,Lindsay Duncan
1723,Matt Lucas
1724,Geraldine James
1725,Leo Bill
1726,Frances de la Tour
1727,Michael Sheen
1728,Paul Whitehouse
1729,Barbara Windsor
1730,Michael Gough
1731,Imelda Staunton
1732,Eleanor Tomlinson
1733,Jemma Powell
1734,Eleanor Gecks
1735,Rebecca Crookshank
1736,Holly Hawkins
1737,Lucy Davenport
1738,Joel Swetow
1739,Jessica Oyelowo
1740,Chris Grabher
1741,Bonnie Parker
1742,Simone Sault
1743,Dale Mercer
1744,Cortney Palm
1745,Hugh Jackman
1746,Halle Berry
1747,Patrick Stewart
1748,Famke Janssen
1749,Anna Paquin
1750,Kelsey Grammer
1751,Shawn Ashmore
1752,Aaron Stanford
1753,Ellen Page
1754,Rebecca Romijn
1755,Vinnie Jones
1756,Ben Foster
1757,Daniel Cudmore
1758,Dania Ramirez
1759,Cameron Bright
1760,Ken Leung
1761,Eric Dane
1762,Omahyra Mota
1763,Meiling Melançon
1764,Kea Wong
1765,Shauna Kain
1766,Michael Murphy
1767,Shohreh Aghdashloo
1768,Josef Sommer
1769,Bill Duke
1770,Haley Ramm
1771,Cayden Boyd
1772,Alex Ferris
1773,Olivia Williams
1774,Billy Crystal
1775,John Goodman
1776,Steve Buscemi
1777,Helen Mirren
1778,Noah Johnston
1779,Peter Sohn
1780,Joel Murray
1781,Sean Hayes
1782,Dave Foley
1783,Charlie Day
1784,Tyler Labine
1785,Nathan Fillion
1786,Aubrey Plaza
1787,Bobby Moynihan
1788,Julia Sweeney
1789,Bonnie Hunt
1790,John Krasinski
1791,Beth Behrs
1792,Bob Peterson
1793,John Ratzenberger
1794,Frank Oz
1795,Ava Acres
1796,Shia LaBeouf
1797,Megan Fox
1798,Josh Duhamel
1799,Rainn Wilson
1800,Tyrese Gibson
1801,John Turturro
1802,Kevin Dunn
1803,Julie White
1804,Ramón Rodríguez
1805,Isabel Lucas
1806,Glenn Morshower
1807,Marc Evan Jackson
1808,Peter Cullen
1809,Arnold Chun
1810,Katie Lowes
1811,Mark Ryan
1812,Reno Wilson
1813,Jess Harnell
1814,Robert Foxworth
1815,André Sogliuzzo
1816,Grey Griffin
1817,Tony Todd
1818,Charlie Adler
1819,Frank Welker
1820,Tom Kenny
1821,Calvin Wimmer
1822,John Di Crosta
1823,Michael York
1824,Kevin Michael Richardson
1825,John Eric Bentley
1826,America Olivo
1827,Andrew Howard
1828,Matthew Marsden
1829,Deep Roy
1830,Mark Wahlberg
1831,Stanley Tucci
1832,Nicola Peltz
1833,Jack Reynor
1834,Titus Welliver
1835,Sophia Myles
1836,Li Bingbing
1837,T.J. Miller
1838,James Bachman
1839,Greg Anderson
1840,Melanie Specht
1841,Victoria Summer
1842,Han Geng
1843,Edward T. Welburn
1844,Kevin Covais
1845,Ken Watanabe
1846,John DiMaggio
1847,Jeffrey Combs
1848,Mark Rolston
1849,Charles Parnell
1850,Erika Fong
1851,David Midthunder
1852,Glenn Keogh
1853,Richard Gallion
1854,Kassem Gharaibeh
1855,Richard Riehle
1856,Tyrone Smith
1857,Abigail Klein
1858,Candice Zhao
1859,Cleo King
1860,Patrick Bristow
1861,Michael Wong
1862,Mila Kunis
1863,Rachel Weisz
1864,Michelle Williams
1865,Zach Braff
1866,Bill Cobbs
1867,Tony Cox
1868,Stephen R. Hart
1869,Abigail Spencer
1870,Tim Holmes
1871,Rob Crites
1872,William Dick
1873,Gene Jones
1874,John Lord Booth III
1875,Suzanne Keilly
1876,Shannon Murray
1877,John Manfredi
1878,Robert Stromberg
1879,Channing Pierce
1880,Brian Searle
1881,Russell Bobbitt
1882,Julie Gershenson
1883,Dan Nelson
1884,T.J. Jagodowski
1885,Melissa Exelberth
1886,Steve Forbes
1887,Arnold Agee
1888,Deborah Puette
1889,Julius Kline III
1890,Theresa Tilly
1891,Betsy Baker
1892,Ellen Sandweiss
1893,Bella Shepard
1894,Sasha Kida Reynolds
1895,Ja'Vonne Cousins
1896,Victoria Lurz
1897,Dashiell Raimi
1898,Oliver Raimi
1899,Brandon Hamilton
1900,Stevie Lee
1901,Danielle Ragland
1902,Bart McCarthy
1903,Nicholas Lindsay-Abaire
1904,Mia Serafino
1905,Lanika Wise
1906,Mikayla Bouchard
1907,Nellie Ann Prestine-Lowery
1908,Emma Raimi
1909,Jayne Violassi
1910,Jay Schwalm
1911,Wendy Cutler
1912,James Bird
1913,Kenneth D. Ciszewski
1914,Chester F. Guilmet
1915,Robert Buck
1916,Jim Moll
1917,Bernie Allemon
1918,Chidi Ajufo
1919,Talia Akiva
1920,AnnMarie Arcuri
1921,Blake Arnold
1922,Apollo Bacala
1923,Kelly Bacon
1924,Barb Baker
1925,Ron Baratono
1926,Cameron Barnett
1927,Robert T. Barrett
1928,Kevin Wayne Berger
1929,Eric Brakke
1930,Wayne Brinston
1931,Colin Bryant
1932,Ron Causey 
1933,Grady Chambless
1934,Lee Christian
1935,Justin Chrzanowski
1936,Will Clarke
1937,Michael Clossin
1938,Zachary Robert Craft
1939,Zac Cunningham
1940,Michael Dault
1941,Omar Diop
1942,Chase Edwards
1943,Summer Edwards
1944,Neil Ellice
1945,Courtney English
1946,John C. Epperson
1947,Mike Estes
1948,Vi Faulkner
1949,Jessee Foudray
1950,Carly Francavilla
1951,Nesti Gee
1952,Derrick Gilliam
1953,Jacob Godzak
1954,John D. Green Sr.
1955,Ryan Groves
1956,Brice Harris
1957,Nate Hatton
1958,Niki Haze
1959,Ron Heisler
1960,Hans Ihlenfeldt
1961,"Roy Kellerman, Jr."
1962,Dennis Kleinsmith
1963,Doug Kolbicz
1964,Bryan Lee
1965,Kef Lee
1966,Vong Lee
1967,Amanda Lewan
1968,Anna Li
1969,Linda Linsley
1970,Hannah Madigan
1971,Davy J. Marr
1972,Johnny Mara
1973,Rebecca Mccarthy
1974,Julia Metas
1975,Bob Jay Mills
1976,Reza Mir
1977,Lori Mulligan
1978,Jessica Nichole
1979,Fionna Noori
1980,Oz Noori
1981,Heather Park
1982,Jessica Petrik
1983,Sage Porter
1984,Jor él Quinn
1985,Gene Richards
1986,Lukas Ridge
1987,Nicholas Ritz
1988,Ari Rufino
1989,Keith Schloemp
1990,David Schwager
1991,Ashley Siloac
1992,Nikki Smith
1993,Paul J. Spear
1994,Rachel Steele
1995,Amy Sutherland
1996,Eric Adam Swenson
1997,Stephen Tako
1998,Kevin Thompson
1999,Lauren Tischler
2000,Francisca Viudes